MOGP_GENERATIONAL,1081ab50-efc2-11f0-951e-6e001b3eef54,Toxicity,74,0,2506.813477|3.000000|0.000000|0.000000|0.000000,1.3185694217681885,3.0,2839.009766|3.000000|0.000000|0.000000|0.000000,N/A,N/A,0,161115340800.000000,N/A,5
MOGP_GENERATIONAL,1199688e-efc2-11f0-82d9-6e001b3eef54,Toxicity,74,0,2506.813477|3.000000|0.000000|0.000000|0.000000,1.3753893375396729,3.0,2839.009766|3.000000|0.000000|0.000000|0.000000,N/A,N/A,0,161115340800.000000,N/A,5
MOGP_GENERATIONAL,1081ab50-efc2-11f0-951e-6e001b3eef54,Toxicity,74,1,2494.266602|3.000000|0.000000|0.000000|0.000000,1.2418971061706543,3.0,2826.117920|3.000000|0.000000|0.000000|0.000000,2089.420410|5.000000|1.000000|0.000000|0.000000,2485.030273|5.000000|1.000000|0.000000|0.000000,5,65361973248.000000,N/A,5
MOGP_GENERATIONAL,1199688e-efc2-11f0-82d9-6e001b3eef54,Toxicity,74,1,2494.266602|3.000000|0.000000|0.000000|0.000000,1.3400299549102783,3.0,2826.117920|3.000000|0.000000|0.000000|0.000000,2089.420410|5.000000|1.000000|0.000000|0.000000,2485.030273|5.000000|1.000000|0.000000|0.000000,5,65361973248.000000,N/A,5
MOGP_GENERATIONAL,1081ab50-efc2-11f0-951e-6e001b3eef54,Toxicity,74,2,2466.395752|3.000000|0.000000|0.000000|0.000000,1.2926390171051025,3.0,2797.416504|3.000000|0.000000|0.000000|0.000000,2089.420410|5.000000|1.000000|0.000000|0.000000,2485.030273|5.000000|1.000000|0.000000|0.000000,5,38917529600.000000,N/A,5
MOGP_GENERATIONAL,1199688e-efc2-11f0-82d9-6e001b3eef54,Toxicity,74,2,2466.395752|3.000000|0.000000|0.000000|0.000000,1.4229052066802979,3.0,2797.416504|3.000000|0.000000|0.000000|0.000000,2089.420410|5.000000|1.000000|0.000000|0.000000,2485.030273|5.000000|1.000000|0.000000|0.000000,5,38917529600.000000,N/A,5
MOGP_GENERATIONAL,1081ab50-efc2-11f0-951e-6e001b3eef54,Toxicity,74,3,2466.395752|3.000000|0.000000|0.000000|0.000000,1.292037010192871,3.0,2797.416504|3.000000|0.000000|0.000000|0.000000,2013.553711|5.000000|1.000000|0.000000|0.000000,2383.541748|5.000000|1.000000|0.000000|0.000000,5,181386048.000000,N/A,5
MOGP_GENERATIONAL,1199688e-efc2-11f0-82d9-6e001b3eef54,Toxicity,74,3,2466.395752|3.000000|0.000000|0.000000|0.000000,1.3715832233428955,3.0,2797.416504|3.000000|0.000000|0.000000|0.000000,2013.553711|5.000000|1.000000|0.000000|0.000000,2383.541748|5.000000|1.000000|0.000000|0.000000,5,181386048.000000,N/A,5
MOGP_GENERATIONAL,1081ab50-efc2-11f0-951e-6e001b3eef54,Toxicity,74,4,2466.395752|3.000000|0.000000|0.000000|0.000000,1.2716081142425537,3.0,2797.416504|3.000000|0.000000|0.000000|0.000000,2013.553711|5.000000|1.000000|0.000000|0.000000,2383.541748|5.000000|1.000000|0.000000|0.000000,5,17138670592.000000,N/A,5
MOGP_GENERATIONAL,1199688e-efc2-11f0-82d9-6e001b3eef54,Toxicity,74,4,2466.395752|3.000000|0.000000|0.000000|0.000000,1.3431518077850342,3.0,2797.416504|3.000000|0.000000|0.000000|0.000000,2013.553711|5.000000|1.000000|0.000000|0.000000,2383.541748|5.000000|1.000000|0.000000|0.000000,5,17138670592.000000,N/A,5
MOGP_GENERATIONAL,1081ab50-efc2-11f0-951e-6e001b3eef54,Toxicity,74,5,2466.395752|3.000000|0.000000|0.000000|0.000000,1.3355698585510254,3.0,2797.416504|3.000000|0.000000|0.000000|0.000000,2142.210938|3.000000|1.000000|0.000000|0.000000,2539.237793|3.000000|1.000000|0.000000|0.000000,3,61410914304.000000,N/A,5
MOGP_GENERATIONAL,1199688e-efc2-11f0-82d9-6e001b3eef54,Toxicity,74,5,2466.395752|3.000000|0.000000|0.000000|0.000000,1.4273998737335205,3.0,2797.416504|3.000000|0.000000|0.000000|0.000000,2142.210938|3.000000|1.000000|0.000000|0.000000,2539.237793|3.000000|1.000000|0.000000|0.000000,3,61410914304.000000,N/A,5
MOGP_GENERATIONAL,1081ab50-efc2-11f0-951e-6e001b3eef54,Toxicity,74,6,2466.395752|3.000000|0.000000|0.000000|0.000000,1.480881929397583,3.0,2797.416504|3.000000|0.000000|0.000000|0.000000,2183.766846|3.000000|1.000000|0.000000|0.000000,2608.780273|3.000000|1.000000|0.000000|0.000000,3,41391517696.000000,N/A,5
MOGP_GENERATIONAL,1199688e-efc2-11f0-82d9-6e001b3eef54,Toxicity,74,6,2466.395752|3.000000|0.000000|0.000000|0.000000,1.5391490459442139,3.0,2797.416504|3.000000|0.000000|0.000000|0.000000,2183.766846|3.000000|1.000000|0.000000|0.000000,2608.780273|3.000000|1.000000|0.000000|0.000000,3,41391517696.000000,N/A,5
MOGP_GENERATIONAL,1081ab50-efc2-11f0-951e-6e001b3eef54,Toxicity,74,7,2466.395752|3.000000|0.000000|0.000000|0.000000,1.5866339206695557,3.0,2797.416504|3.000000|0.000000|0.000000|0.000000,2323.907715|3.000000|1.000000|0.000000|0.000000,2674.480713|3.000000|1.000000|0.000000|0.000000,3,3914059008.000000,N/A,5
MOGP_GENERATIONAL,1199688e-efc2-11f0-82d9-6e001b3eef54,Toxicity,74,7,2466.395752|3.000000|0.000000|0.000000|0.000000,1.6873342990875244,3.0,2797.416504|3.000000|0.000000|0.000000|0.000000,2323.907715|3.000000|1.000000|0.000000|0.000000,2674.480713|3.000000|1.000000|0.000000|0.000000,3,3914059008.000000,N/A,5
MOGP_GENERATIONAL,1081ab50-efc2-11f0-951e-6e001b3eef54,Toxicity,74,8,2466.395752|3.000000|0.000000|0.000000|0.000000,1.8639721870422363,3.0,2797.416504|3.000000|0.000000|0.000000|0.000000,2023.723511|7.000000|2.000000|0.000000|0.000000,2386.779541|7.000000|2.000000|0.000000|0.000000,7,53363003392.000000,N/A,5
MOGP_GENERATIONAL,1199688e-efc2-11f0-82d9-6e001b3eef54,Toxicity,74,8,2466.395752|3.000000|0.000000|0.000000|0.000000,1.981879711151123,3.0,2797.416504|3.000000|0.000000|0.000000|0.000000,2023.723511|7.000000|2.000000|0.000000|0.000000,2386.779541|7.000000|2.000000|0.000000|0.000000,7,53363003392.000000,N/A,5
MOGP_GENERATIONAL,1081ab50-efc2-11f0-951e-6e001b3eef54,Toxicity,74,9,2466.395752|3.000000|0.000000|0.000000|0.000000,2.252465009689331,3.0,2797.416504|3.000000|0.000000|0.000000|0.000000,2235.607178|7.000000|2.000000|0.000000|0.000000,2569.363770|7.000000|2.000000|0.000000|0.000000,7,63633752064.000000,N/A,5
MOGP_GENERATIONAL,1199688e-efc2-11f0-82d9-6e001b3eef54,Toxicity,74,9,2466.395752|3.000000|0.000000|0.000000|0.000000,2.376979112625122,3.0,2797.416504|3.000000|0.000000|0.000000|0.000000,2235.607178|7.000000|2.000000|0.000000|0.000000,2569.363770|7.000000|2.000000|0.000000|0.000000,7,63633752064.000000,N/A,5
MOGP_GENERATIONAL,1081ab50-efc2-11f0-951e-6e001b3eef54,Toxicity,74,10,2466.395752|3.000000|0.000000|0.000000|0.000000,2.648282766342163,3.0,2797.416504|3.000000|0.000000|0.000000|0.000000,2294.889404|7.000000|1.000000|0.000000|0.000000,2655.379883|7.000000|1.000000|0.000000|0.000000,7,60108050432.000000,N/A,5
MOGP_GENERATIONAL,1199688e-efc2-11f0-82d9-6e001b3eef54,Toxicity,74,10,2466.395752|3.000000|0.000000|0.000000|0.000000,2.840873956680298,3.0,2797.416504|3.000000|0.000000|0.000000|0.000000,2294.889404|7.000000|1.000000|0.000000|0.000000,2655.379883|7.000000|1.000000|0.000000|0.000000,7,60108050432.000000,N/A,5
MOGP_GENERATIONAL,1081ab50-efc2-11f0-951e-6e001b3eef54,Toxicity,74,11,2466.395752|3.000000|0.000000|0.000000|0.000000,3.415853977203369,3.0,2797.416504|3.000000|0.000000|0.000000|0.000000,2151.043457|7.000000|2.000000|0.000000|0.000000,2431.601318|7.000000|2.000000|0.000000|0.000000,7,66049937408.000000,N/A,5
MOGP_GENERATIONAL,1199688e-efc2-11f0-82d9-6e001b3eef54,Toxicity,74,11,2466.395752|3.000000|0.000000|0.000000|0.000000,3.4369096755981445,3.0,2797.416504|3.000000|0.000000|0.000000|0.000000,2151.043457|7.000000|2.000000|0.000000|0.000000,2431.601318|7.000000|2.000000|0.000000|0.000000,7,66049937408.000000,N/A,5
MOGP_GENERATIONAL,1081ab50-efc2-11f0-951e-6e001b3eef54,Toxicity,74,12,2466.395752|3.000000|0.000000|0.000000|0.000000,3.4679300785064697,3.0,2797.416504|3.000000|0.000000|0.000000|0.000000,2320.040039|7.000000|2.000000|0.000000|0.000000,2638.459229|7.000000|2.000000|0.000000|0.000000,7,24282454016.000000,N/A,5
MOGP_GENERATIONAL,1199688e-efc2-11f0-82d9-6e001b3eef54,Toxicity,74,12,2466.395752|3.000000|0.000000|0.000000|0.000000,3.664703845977783,3.0,2797.416504|3.000000|0.000000|0.000000|0.000000,2320.040039|7.000000|2.000000|0.000000|0.000000,2638.459229|7.000000|2.000000|0.000000|0.000000,7,24282454016.000000,N/A,5
MOGP_GENERATIONAL,1081ab50-efc2-11f0-951e-6e001b3eef54,Toxicity,74,13,2466.395752|3.000000|0.000000|0.000000|0.000000,3.75850510597229,3.0,2797.416504|3.000000|0.000000|0.000000|0.000000,2121.121826|7.000000|2.000000|0.000000|0.000000,2439.829346|7.000000|2.000000|0.000000|0.000000,7,46629560320.000000,N/A,5
MOGP_GENERATIONAL,1199688e-efc2-11f0-82d9-6e001b3eef54,Toxicity,74,13,2466.395752|3.000000|0.000000|0.000000|0.000000,3.915994882583618,3.0,2797.416504|3.000000|0.000000|0.000000|0.000000,2121.121826|7.000000|2.000000|0.000000|0.000000,2439.829346|7.000000|2.000000|0.000000|0.000000,7,46629560320.000000,N/A,5
MOGP_GENERATIONAL,1081ab50-efc2-11f0-951e-6e001b3eef54,Toxicity,74,14,2466.395752|3.000000|0.000000|0.000000|0.000000,3.6530511379241943,3.0,2797.416504|3.000000|0.000000|0.000000|0.000000,2184.649170|7.000000|2.000000|0.000000|0.000000,2623.585693|7.000000|2.000000|0.000000|0.000000,7,49484750848.000000,N/A,5
MOGP_GENERATIONAL,1199688e-efc2-11f0-82d9-6e001b3eef54,Toxicity,74,14,2466.395752|3.000000|0.000000|0.000000|0.000000,3.8584320545196533,3.0,2797.416504|3.000000|0.000000|0.000000|0.000000,2184.649170|7.000000|2.000000|0.000000|0.000000,2623.585693|7.000000|2.000000|0.000000|0.000000,7,49484750848.000000,N/A,5
MOGP_GENERATIONAL,1081ab50-efc2-11f0-951e-6e001b3eef54,Toxicity,74,15,2466.395752|3.000000|0.000000|0.000000|0.000000,4.974483966827393,3.0,2797.416504|3.000000|0.000000|0.000000|0.000000,2275.252441|7.000000|2.000000|0.000000|0.000000,2693.739990|7.000000|2.000000|0.000000|0.000000,7,66101010432.000000,N/A,5
MOGP_GENERATIONAL,1199688e-efc2-11f0-82d9-6e001b3eef54,Toxicity,74,15,2466.395752|3.000000|0.000000|0.000000|0.000000,3.855836868286133,3.0,2797.416504|3.000000|0.000000|0.000000|0.000000,2275.252441|7.000000|2.000000|0.000000|0.000000,2693.739990|7.000000|2.000000|0.000000|0.000000,7,66101010432.000000,N/A,5
MOGP_GENERATIONAL,1081ab50-efc2-11f0-951e-6e001b3eef54,Toxicity,74,16,2466.395752|3.000000|0.000000|0.000000|0.000000,3.5502662658691406,3.0,2797.416504|3.000000|0.000000|0.000000|0.000000,1971.132568|7.000000|1.000000|0.000000|0.000000,2253.558350|7.000000|1.000000|0.000000|0.000000,7,47080816640.000000,N/A,5
MOGP_GENERATIONAL,1199688e-efc2-11f0-82d9-6e001b3eef54,Toxicity,74,16,2466.395752|3.000000|0.000000|0.000000|0.000000,3.923006772994995,3.0,2797.416504|3.000000|0.000000|0.000000|0.000000,1971.132568|7.000000|1.000000|0.000000|0.000000,2253.558350|7.000000|1.000000|0.000000|0.000000,7,47080816640.000000,N/A,5
MOGP_GENERATIONAL,1081ab50-efc2-11f0-951e-6e001b3eef54,Toxicity,74,17,2466.395752|3.000000|0.000000|0.000000|0.000000,3.723919153213501,3.0,2797.416504|3.000000|0.000000|0.000000|0.000000,2214.234375|7.000000|2.000000|0.000000|0.000000,2647.165283|7.000000|2.000000|0.000000|0.000000,7,70653034496.000000,N/A,5
MOGP_GENERATIONAL,1199688e-efc2-11f0-82d9-6e001b3eef54,Toxicity,74,17,2466.395752|3.000000|0.000000|0.000000|0.000000,3.8340260982513428,3.0,2797.416504|3.000000|0.000000|0.000000|0.000000,2214.234375|7.000000|2.000000|0.000000|0.000000,2647.165283|7.000000|2.000000|0.000000|0.000000,7,70653034496.000000,N/A,5
MOGP_GENERATIONAL,1081ab50-efc2-11f0-951e-6e001b3eef54,Toxicity,74,18,2466.395752|3.000000|0.000000|0.000000|0.000000,3.5036659240722656,3.0,2797.416504|3.000000|0.000000|0.000000|0.000000,2130.652100|7.000000|2.000000|0.000000|0.000000,2375.200195|7.000000|2.000000|0.000000|0.000000,7,1545.895264,N/A,5
MOGP_GENERATIONAL,1199688e-efc2-11f0-82d9-6e001b3eef54,Toxicity,74,18,2466.395752|3.000000|0.000000|0.000000|0.000000,3.772892951965332,3.0,2797.416504|3.000000|0.000000|0.000000|0.000000,2130.652100|7.000000|2.000000|0.000000|0.000000,2375.200195|7.000000|2.000000|0.000000|0.000000,7,1545.895264,N/A,5
MOGP_GENERATIONAL,1081ab50-efc2-11f0-951e-6e001b3eef54,Toxicity,74,19,2466.395752|3.000000|0.000000|0.000000|0.000000,3.7434396743774414,3.0,2797.416504|3.000000|0.000000|0.000000|0.000000,1946.876953|7.000000|1.000000|0.000000|0.000000,2163.879150|7.000000|1.000000|0.000000|0.000000,7,33627731968.000000,N/A,5
MOGP_GENERATIONAL,1199688e-efc2-11f0-82d9-6e001b3eef54,Toxicity,74,19,2466.395752|3.000000|0.000000|0.000000|0.000000,4.01057505607605,3.0,2797.416504|3.000000|0.000000|0.000000|0.000000,1946.876953|7.000000|1.000000|0.000000|0.000000,2163.879150|7.000000|1.000000|0.000000|0.000000,7,33627731968.000000,N/A,5
MOGP_GENERATIONAL,1081ab50-efc2-11f0-951e-6e001b3eef54,Toxicity,74,20,2466.395752|3.000000|0.000000|0.000000|0.000000,3.745457887649536,3.0,2797.416504|3.000000|0.000000|0.000000|0.000000,2153.207031|7.000000|1.000000|0.000000|0.000000,2583.583008|7.000000|1.000000|0.000000|0.000000,7,40392941568.000000,N/A,5
MOGP_GENERATIONAL,1081ab50-efc2-11f0-951e-6e001b3eef54,Toxicity,74,21,2466.395752|3.000000|0.000000|0.000000|0.000000,3.655235767364502,3.0,2797.416504|3.000000|0.000000|0.000000|0.000000,2238.214111|7.000000|2.000000|0.000000|0.000000,2598.582031|7.000000|2.000000|0.000000|0.000000,7,89123627008.000000,N/A,5
MOGP_GENERATIONAL,1199688e-efc2-11f0-82d9-6e001b3eef54,Toxicity,74,20,2466.395752|3.000000|0.000000|0.000000|0.000000,3.855215072631836,3.0,2797.416504|3.000000|0.000000|0.000000|0.000000,2153.207031|7.000000|1.000000|0.000000|0.000000,2583.583008|7.000000|1.000000|0.000000|0.000000,7,40392941568.000000,N/A,5
MOGP_GENERATIONAL,1081ab50-efc2-11f0-951e-6e001b3eef54,Toxicity,74,22,2466.395752|3.000000|0.000000|0.000000|0.000000,3.6033051013946533,3.0,2797.416504|3.000000|0.000000|0.000000|0.000000,2241.067383|7.000000|2.000000|0.000000|0.000000,2598.806885|7.000000|2.000000|0.000000|0.000000,7,3921329920.000000,N/A,5
MOGP_GENERATIONAL,1199688e-efc2-11f0-82d9-6e001b3eef54,Toxicity,74,21,2466.395752|3.000000|0.000000|0.000000|0.000000,3.879154920578003,3.0,2797.416504|3.000000|0.000000|0.000000|0.000000,2238.214111|7.000000|2.000000|0.000000|0.000000,2598.582031|7.000000|2.000000|0.000000|0.000000,7,89123627008.000000,N/A,5
MOGP_GENERATIONAL,1081ab50-efc2-11f0-951e-6e001b3eef54,Toxicity,74,23,2466.395752|3.000000|0.000000|0.000000|0.000000,3.602993965148926,3.0,2797.416504|3.000000|0.000000|0.000000|0.000000,2199.703125|7.000000|2.000000|0.000000|0.000000,2625.605713|7.000000|2.000000|0.000000|0.000000,7,44972388352.000000,N/A,5
MOGP_GENERATIONAL,1199688e-efc2-11f0-82d9-6e001b3eef54,Toxicity,74,22,2466.395752|3.000000|0.000000|0.000000|0.000000,3.8366191387176514,3.0,2797.416504|3.000000|0.000000|0.000000|0.000000,2241.067383|7.000000|2.000000|0.000000|0.000000,2598.806885|7.000000|2.000000|0.000000|0.000000,7,3921329920.000000,N/A,5
MOGP_GENERATIONAL,1081ab50-efc2-11f0-951e-6e001b3eef54,Toxicity,74,24,2466.395752|3.000000|0.000000|0.000000|0.000000,3.684277057647705,3.0,2797.416504|3.000000|0.000000|0.000000|0.000000,2293.466797|7.000000|2.000000|0.000000|0.000000,2681.726074|7.000000|2.000000|0.000000|0.000000,7,66860064.000000,N/A,5
MOGP_GENERATIONAL,1199688e-efc2-11f0-82d9-6e001b3eef54,Toxicity,74,23,2466.395752|3.000000|0.000000|0.000000|0.000000,3.9131271839141846,3.0,2797.416504|3.000000|0.000000|0.000000|0.000000,2199.703125|7.000000|2.000000|0.000000|0.000000,2625.605713|7.000000|2.000000|0.000000|0.000000,7,44972388352.000000,N/A,5
MOGP_GENERATIONAL,1081ab50-efc2-11f0-951e-6e001b3eef54,Toxicity,74,25,2466.395752|3.000000|0.000000|0.000000|0.000000,3.7624261379241943,3.0,2797.416504|3.000000|0.000000|0.000000|0.000000,2177.419922|7.000000|2.000000|0.000000|0.000000,2604.243652|7.000000|2.000000|0.000000|0.000000,7,85926625280.000000,N/A,5
MOGP_GENERATIONAL,1199688e-efc2-11f0-82d9-6e001b3eef54,Toxicity,74,24,2466.395752|3.000000|0.000000|0.000000|0.000000,3.8307690620422363,3.0,2797.416504|3.000000|0.000000|0.000000|0.000000,2293.466797|7.000000|2.000000|0.000000|0.000000,2681.726074|7.000000|2.000000|0.000000|0.000000,7,66860064.000000,N/A,5
MOGP_GENERATIONAL,1081ab50-efc2-11f0-951e-6e001b3eef54,Toxicity,74,26,2466.395752|3.000000|0.000000|0.000000|0.000000,3.7300190925598145,3.0,2797.416504|3.000000|0.000000|0.000000|0.000000,2079.687256|11.000000|3.000000|0.000000|0.000000,2200.722412|11.000000|3.000000|0.000000|0.000000,11,54006628352.000000,N/A,5
MOGP_GENERATIONAL,1199688e-efc2-11f0-82d9-6e001b3eef54,Toxicity,74,25,2466.395752|3.000000|0.000000|0.000000|0.000000,3.9694151878356934,3.0,2797.416504|3.000000|0.000000|0.000000|0.000000,2177.419922|7.000000|2.000000|0.000000|0.000000,2604.243652|7.000000|2.000000|0.000000|0.000000,7,85926625280.000000,N/A,5
MOGP_GENERATIONAL,1081ab50-efc2-11f0-951e-6e001b3eef54,Toxicity,74,27,2466.395752|3.000000|0.000000|0.000000|0.000000,3.742121934890747,3.0,2797.416504|3.000000|0.000000|0.000000|0.000000,2010.080078|7.000000|2.000000|0.000000|0.000000,2354.630371|7.000000|2.000000|0.000000|0.000000,7,70269829120.000000,N/A,5
MOGP_GENERATIONAL,1199688e-efc2-11f0-82d9-6e001b3eef54,Toxicity,74,26,2466.395752|3.000000|0.000000|0.000000|0.000000,4.296999931335449,3.0,2797.416504|3.000000|0.000000|0.000000|0.000000,2079.687256|11.000000|3.000000|0.000000|0.000000,2200.722412|11.000000|3.000000|0.000000|0.000000,11,54006628352.000000,N/A,5
MOGP_GENERATIONAL,1081ab50-efc2-11f0-951e-6e001b3eef54,Toxicity,74,28,2466.395752|3.000000|0.000000|0.000000|0.000000,3.471163034439087,3.0,2797.416504|3.000000|0.000000|0.000000|0.000000,2199.375488|7.000000|2.000000|0.000000|0.000000,2562.895264|7.000000|2.000000|0.000000|0.000000,7,93738704896.000000,N/A,5
MOGP_GENERATIONAL,1199688e-efc2-11f0-82d9-6e001b3eef54,Toxicity,74,27,2466.395752|3.000000|0.000000|0.000000|0.000000,3.8444478511810303,3.0,2797.416504|3.000000|0.000000|0.000000|0.000000,2010.080078|7.000000|2.000000|0.000000|0.000000,2354.630371|7.000000|2.000000|0.000000|0.000000,7,70269829120.000000,N/A,5
MOGP_GENERATIONAL,1081ab50-efc2-11f0-951e-6e001b3eef54,Toxicity,74,29,2466.395752|3.000000|0.000000|0.000000|0.000000,3.6450037956237793,3.0,2797.416504|3.000000|0.000000|0.000000|0.000000,2330.041748|7.000000|2.000000|0.000000|0.000000,2725.359863|7.000000|2.000000|0.000000|0.000000,7,14895393792.000000,N/A,5
MOGP_GENERATIONAL,1199688e-efc2-11f0-82d9-6e001b3eef54,Toxicity,74,28,2466.395752|3.000000|0.000000|0.000000|0.000000,3.8424201011657715,3.0,2797.416504|3.000000|0.000000|0.000000|0.000000,2199.375488|7.000000|2.000000|0.000000|0.000000,2562.895264|7.000000|2.000000|0.000000|0.000000,7,93738704896.000000,N/A,5
MOGP_GENERATIONAL,1081ab50-efc2-11f0-951e-6e001b3eef54,Toxicity,74,30,2466.395752|3.000000|0.000000|0.000000|0.000000,3.943222999572754,3.0,2797.416504|3.000000|0.000000|0.000000|0.000000,2245.463867|7.000000|2.000000|0.000000|0.000000,2740.053223|7.000000|2.000000|0.000000|0.000000,7,39021891584.000000,N/A,5
MOGP_GENERATIONAL,1199688e-efc2-11f0-82d9-6e001b3eef54,Toxicity,74,29,2466.395752|3.000000|0.000000|0.000000|0.000000,3.991154193878174,3.0,2797.416504|3.000000|0.000000|0.000000|0.000000,2330.041748|7.000000|2.000000|0.000000|0.000000,2725.359863|7.000000|2.000000|0.000000|0.000000,7,14895393792.000000,N/A,5
MOGP_GENERATIONAL,1081ab50-efc2-11f0-951e-6e001b3eef54,Toxicity,74,31,2466.395752|3.000000|0.000000|0.000000|0.000000,3.733116865158081,3.0,2797.416504|3.000000|0.000000|0.000000|0.000000,2445.446289|7.000000|1.000000|0.000000|0.000000,2795.306396|7.000000|1.000000|0.000000|0.000000,7,66354438144.000000,N/A,5
MOGP_GENERATIONAL,1199688e-efc2-11f0-82d9-6e001b3eef54,Toxicity,74,30,2466.395752|3.000000|0.000000|0.000000|0.000000,3.9994611740112305,3.0,2797.416504|3.000000|0.000000|0.000000|0.000000,2245.463867|7.000000|2.000000|0.000000|0.000000,2740.053223|7.000000|2.000000|0.000000|0.000000,7,39021891584.000000,N/A,5
MOGP_GENERATIONAL,1081ab50-efc2-11f0-951e-6e001b3eef54,Toxicity,74,32,2466.395752|3.000000|0.000000|0.000000|0.000000,3.757159948348999,3.0,2797.416504|3.000000|0.000000|0.000000|0.000000,2246.537842|7.000000|2.000000|0.000000|0.000000,2639.396973|7.000000|2.000000|0.000000|0.000000,7,3917691904.000000,N/A,5
MOGP_GENERATIONAL,1199688e-efc2-11f0-82d9-6e001b3eef54,Toxicity,74,31,2466.395752|3.000000|0.000000|0.000000|0.000000,3.831634283065796,3.0,2797.416504|3.000000|0.000000|0.000000|0.000000,2445.446289|7.000000|1.000000|0.000000|0.000000,2795.306396|7.000000|1.000000|0.000000|0.000000,7,66354438144.000000,N/A,5
MOGP_GENERATIONAL,1081ab50-efc2-11f0-951e-6e001b3eef54,Toxicity,74,33,2466.395752|3.000000|0.000000|0.000000|0.000000,3.6045918464660645,3.0,2797.416504|3.000000|0.000000|0.000000|0.000000,2314.988037|7.000000|2.000000|0.000000|0.000000,2648.091309|7.000000|2.000000|0.000000|0.000000,7,72040456192.000000,N/A,5
MOGP_GENERATIONAL,1199688e-efc2-11f0-82d9-6e001b3eef54,Toxicity,74,32,2466.395752|3.000000|0.000000|0.000000|0.000000,4.202395677566528,3.0,2797.416504|3.000000|0.000000|0.000000|0.000000,2246.537842|7.000000|2.000000|0.000000|0.000000,2639.396973|7.000000|2.000000|0.000000|0.000000,7,3917691904.000000,N/A,5
MOGP_GENERATIONAL,1081ab50-efc2-11f0-951e-6e001b3eef54,Toxicity,74,34,2466.395752|3.000000|0.000000|0.000000|0.000000,3.830111026763916,3.0,2797.416504|3.000000|0.000000|0.000000|0.000000,2214.109863|7.000000|2.000000|0.000000|0.000000,2669.416504|7.000000|2.000000|0.000000|0.000000,7,46968471552.000000,N/A,5
MOGP_GENERATIONAL,1199688e-efc2-11f0-82d9-6e001b3eef54,Toxicity,74,33,2466.395752|3.000000|0.000000|0.000000|0.000000,3.7740960121154785,3.0,2797.416504|3.000000|0.000000|0.000000|0.000000,2314.988037|7.000000|2.000000|0.000000|0.000000,2648.091309|7.000000|2.000000|0.000000|0.000000,7,72040456192.000000,N/A,5
MOGP_GENERATIONAL,1081ab50-efc2-11f0-951e-6e001b3eef54,Toxicity,74,35,2466.395752|3.000000|0.000000|0.000000|0.000000,3.6824851036071777,3.0,2797.416504|3.000000|0.000000|0.000000|0.000000,2277.906006|7.000000|1.000000|0.000000|0.000000,2638.974121|7.000000|1.000000|0.000000|0.000000,7,49784045568.000000,N/A,5
MOGP_GENERATIONAL,1199688e-efc2-11f0-82d9-6e001b3eef54,Toxicity,74,34,2466.395752|3.000000|0.000000|0.000000|0.000000,3.937114953994751,3.0,2797.416504|3.000000|0.000000|0.000000|0.000000,2214.109863|7.000000|2.000000|0.000000|0.000000,2669.416504|7.000000|2.000000|0.000000|0.000000,7,46968471552.000000,N/A,5
MOGP_GENERATIONAL,1081ab50-efc2-11f0-951e-6e001b3eef54,Toxicity,74,36,2466.395752|3.000000|0.000000|0.000000|0.000000,3.679868221282959,3.0,2797.416504|3.000000|0.000000|0.000000|0.000000,2126.713135|7.000000|1.000000|0.000000|0.000000,2546.540283|7.000000|1.000000|0.000000|0.000000,7,85600018432.000000,N/A,5
MOGP_GENERATIONAL,1199688e-efc2-11f0-82d9-6e001b3eef54,Toxicity,74,35,2466.395752|3.000000|0.000000|0.000000|0.000000,3.87333607673645,3.0,2797.416504|3.000000|0.000000|0.000000|0.000000,2277.906006|7.000000|1.000000|0.000000|0.000000,2638.974121|7.000000|1.000000|0.000000|0.000000,7,49784045568.000000,N/A,5
MOGP_GENERATIONAL,1081ab50-efc2-11f0-951e-6e001b3eef54,Toxicity,74,37,2466.395752|3.000000|0.000000|0.000000|0.000000,3.804102897644043,3.0,2797.416504|3.000000|0.000000|0.000000|0.000000,2212.208252|7.000000|1.000000|0.000000|0.000000,2647.407959|7.000000|1.000000|0.000000|0.000000,7,47775592448.000000,N/A,5
MOGP_GENERATIONAL,1081ab50-efc2-11f0-951e-6e001b3eef54,Toxicity,74,38,2466.395752|3.000000|0.000000|0.000000|0.000000,3.4885687828063965,3.0,2797.416504|3.000000|0.000000|0.000000|0.000000,2272.475342|7.000000|2.000000|2.000000|0.000000,2673.210693|7.000000|2.000000|2.000000|0.000000,7,89933070336.000000,N/A,5
MOGP_GENERATIONAL,1199688e-efc2-11f0-82d9-6e001b3eef54,Toxicity,74,36,2466.395752|3.000000|0.000000|0.000000|0.000000,3.9266209602355957,3.0,2797.416504|3.000000|0.000000|0.000000|0.000000,2126.713135|7.000000|1.000000|0.000000|0.000000,2546.540283|7.000000|1.000000|0.000000|0.000000,7,85600018432.000000,N/A,5
MOGP_GENERATIONAL,1081ab50-efc2-11f0-951e-6e001b3eef54,Toxicity,74,39,2466.395752|3.000000|0.000000|0.000000|0.000000,3.399616003036499,3.0,2797.416504|3.000000|0.000000|0.000000|0.000000,2083.153809|7.000000|1.000000|0.000000|0.000000,2426.876709|7.000000|1.000000|0.000000|0.000000,7,77228228608.000000,N/A,5
MOGP_GENERATIONAL,1199688e-efc2-11f0-82d9-6e001b3eef54,Toxicity,74,37,2466.395752|3.000000|0.000000|0.000000|0.000000,3.977897882461548,3.0,2797.416504|3.000000|0.000000|0.000000|0.000000,2212.208252|7.000000|1.000000|0.000000|0.000000,2647.407959|7.000000|1.000000|0.000000|0.000000,7,47775592448.000000,N/A,5
MOGP_GENERATIONAL,1081ab50-efc2-11f0-951e-6e001b3eef54,Toxicity,74,40,2466.395752|3.000000|0.000000|0.000000|0.000000,3.595306158065796,3.0,2797.416504|3.000000|0.000000|0.000000|0.000000,2142.775146|11.000000|2.000000|0.000000|0.000000,2566.525391|11.000000|2.000000|0.000000|0.000000,11,48728.273438,N/A,5
MOGP_GENERATIONAL,1199688e-efc2-11f0-82d9-6e001b3eef54,Toxicity,74,38,2466.395752|3.000000|0.000000|0.000000|0.000000,3.5650370121002197,3.0,2797.416504|3.000000|0.000000|0.000000|0.000000,2272.475342|7.000000|2.000000|2.000000|0.000000,2673.210693|7.000000|2.000000|2.000000|0.000000,7,89933070336.000000,N/A,5
MOGP_GENERATIONAL,1081ab50-efc2-11f0-951e-6e001b3eef54,Toxicity,74,41,2466.395752|3.000000|0.000000|0.000000|0.000000,3.8919878005981445,3.0,2797.416504|3.000000|0.000000|0.000000|0.000000,2339.502686|7.000000|1.000000|0.000000|0.000000,2672.250244|7.000000|1.000000|0.000000|0.000000,7,60415639552.000000,N/A,5
MOGP_GENERATIONAL,1199688e-efc2-11f0-82d9-6e001b3eef54,Toxicity,74,39,2466.395752|3.000000|0.000000|0.000000|0.000000,3.7678117752075195,3.0,2797.416504|3.000000|0.000000|0.000000|0.000000,2083.153809|7.000000|1.000000|0.000000|0.000000,2426.876709|7.000000|1.000000|0.000000|0.000000,7,77228228608.000000,N/A,5
MOGP_GENERATIONAL,1081ab50-efc2-11f0-951e-6e001b3eef54,Toxicity,74,42,2466.395752|3.000000|0.000000|0.000000|0.000000,3.844465970993042,3.0,2797.416504|3.000000|0.000000|0.000000|0.000000,2297.098145|7.000000|2.000000|0.000000|0.000000,2666.136230|7.000000|2.000000|0.000000|0.000000,7,98654961664.000000,N/A,5
MOGP_GENERATIONAL,1199688e-efc2-11f0-82d9-6e001b3eef54,Toxicity,74,40,2466.395752|3.000000|0.000000|0.000000|0.000000,4.068754196166992,3.0,2797.416504|3.000000|0.000000|0.000000|0.000000,2142.775146|11.000000|2.000000|0.000000|0.000000,2566.525391|11.000000|2.000000|0.000000|0.000000,11,48728.273438,N/A,5
MOGP_GENERATIONAL,1081ab50-efc2-11f0-951e-6e001b3eef54,Toxicity,74,43,2466.395752|3.000000|0.000000|0.000000|0.000000,3.6344940662384033,3.0,2797.416504|3.000000|0.000000|0.000000|0.000000,1963.638428|7.000000|1.000000|0.000000|0.000000,2266.996582|7.000000|1.000000|0.000000|0.000000,7,49940447232.000000,N/A,5
MOGP_GENERATIONAL,1199688e-efc2-11f0-82d9-6e001b3eef54,Toxicity,74,41,2466.395752|3.000000|0.000000|0.000000|0.000000,4.206730842590332,3.0,2797.416504|3.000000|0.000000|0.000000|0.000000,2339.502686|7.000000|1.000000|0.000000|0.000000,2672.250244|7.000000|1.000000|0.000000|0.000000,7,60415639552.000000,N/A,5
MOGP_GENERATIONAL,1081ab50-efc2-11f0-951e-6e001b3eef54,Toxicity,74,44,2466.395752|3.000000|0.000000|0.000000|0.000000,3.5571250915527344,3.0,2797.416504|3.000000|0.000000|0.000000|0.000000,2432.082764|7.000000|2.000000|0.000000|0.000000,2754.094238|7.000000|2.000000|0.000000|0.000000,7,58195881984.000000,N/A,5
MOGP_GENERATIONAL,1199688e-efc2-11f0-82d9-6e001b3eef54,Toxicity,74,42,2466.395752|3.000000|0.000000|0.000000|0.000000,3.7652878761291504,3.0,2797.416504|3.000000|0.000000|0.000000|0.000000,2297.098145|7.000000|2.000000|0.000000|0.000000,2666.136230|7.000000|2.000000|0.000000|0.000000,7,98654961664.000000,N/A,5
MOGP_GENERATIONAL,1081ab50-efc2-11f0-951e-6e001b3eef54,Toxicity,74,45,2466.395752|3.000000|0.000000|0.000000|0.000000,3.717115879058838,3.0,2797.416504|3.000000|0.000000|0.000000|0.000000,2198.739502|7.000000|1.000000|0.000000|0.000000,2553.480713|7.000000|1.000000|0.000000|0.000000,7,94429929472.000000,N/A,5
MOGP_GENERATIONAL,1199688e-efc2-11f0-82d9-6e001b3eef54,Toxicity,74,43,2466.395752|3.000000|0.000000|0.000000|0.000000,3.847729206085205,3.0,2797.416504|3.000000|0.000000|0.000000|0.000000,1963.638428|7.000000|1.000000|0.000000|0.000000,2266.996582|7.000000|1.000000|0.000000|0.000000,7,49940447232.000000,N/A,5
MOGP_GENERATIONAL,1081ab50-efc2-11f0-951e-6e001b3eef54,Toxicity,74,46,2466.395752|3.000000|0.000000|0.000000|0.000000,3.5336670875549316,3.0,2797.416504|3.000000|0.000000|0.000000|0.000000,2129.813721|7.000000|1.000000|0.000000|0.000000,2542.289551|7.000000|1.000000|0.000000|0.000000,7,36657168384.000000,N/A,5
MOGP_GENERATIONAL,1199688e-efc2-11f0-82d9-6e001b3eef54,Toxicity,74,44,2466.395752|3.000000|0.000000|0.000000|0.000000,3.720012903213501,3.0,2797.416504|3.000000|0.000000|0.000000|0.000000,2432.082764|7.000000|2.000000|0.000000|0.000000,2754.094238|7.000000|2.000000|0.000000|0.000000,7,58195881984.000000,N/A,5
MOGP_GENERATIONAL,1081ab50-efc2-11f0-951e-6e001b3eef54,Toxicity,74,47,2466.395752|3.000000|0.000000|0.000000|0.000000,3.771897792816162,3.0,2797.416504|3.000000|0.000000|0.000000|0.000000,2116.622803|7.000000|1.000000|0.000000|0.000000,2438.129883|7.000000|1.000000|0.000000|0.000000,7,88219795456.000000,N/A,5
MOGP_GENERATIONAL,1199688e-efc2-11f0-82d9-6e001b3eef54,Toxicity,74,45,2466.395752|3.000000|0.000000|0.000000|0.000000,3.8928771018981934,3.0,2797.416504|3.000000|0.000000|0.000000|0.000000,2198.739502|7.000000|1.000000|0.000000|0.000000,2553.480713|7.000000|1.000000|0.000000|0.000000,7,94429929472.000000,N/A,5
MOGP_GENERATIONAL,1081ab50-efc2-11f0-951e-6e001b3eef54,Toxicity,74,48,2466.395752|3.000000|0.000000|0.000000|0.000000,3.8095500469207764,3.0,2797.416504|3.000000|0.000000|0.000000|0.000000,2308.026855|7.000000|2.000000|0.000000|0.000000,2643.586426|7.000000|2.000000|0.000000|0.000000,7,50059026432.000000,N/A,5
MOGP_GENERATIONAL,1199688e-efc2-11f0-82d9-6e001b3eef54,Toxicity,74,46,2466.395752|3.000000|0.000000|0.000000|0.000000,3.711014986038208,3.0,2797.416504|3.000000|0.000000|0.000000|0.000000,2129.813721|7.000000|1.000000|0.000000|0.000000,2542.289551|7.000000|1.000000|0.000000|0.000000,7,36657168384.000000,N/A,5
MOGP_GENERATIONAL,1081ab50-efc2-11f0-951e-6e001b3eef54,Toxicity,74,49,2466.395752|3.000000|0.000000|0.000000|0.000000,3.7716221809387207,3.0,2797.416504|3.000000|0.000000|0.000000|0.000000,2124.137939|7.000000|2.000000|0.000000|0.000000,2538.030273|7.000000|2.000000|0.000000|0.000000,7,114022588416.000000,N/A,5
MOGP_GENERATIONAL,1199688e-efc2-11f0-82d9-6e001b3eef54,Toxicity,74,47,2466.395752|3.000000|0.000000|0.000000|0.000000,3.8921258449554443,3.0,2797.416504|3.000000|0.000000|0.000000|0.000000,2116.622803|7.000000|1.000000|0.000000|0.000000,2438.129883|7.000000|1.000000|0.000000|0.000000,7,88219795456.000000,N/A,5
MOGP_GENERATIONAL,1081ab50-efc2-11f0-951e-6e001b3eef54,Toxicity,74,50,2466.395752|3.000000|0.000000|0.000000|0.000000,3.6144189834594727,3.0,2797.416504|3.000000|0.000000|0.000000|0.000000,2131.023438|7.000000|0.000000|0.000000|0.000000,2439.344482|7.000000|0.000000|0.000000|0.000000,7,12376632320.000000,N/A,5
MOGP_GENERATIONAL,1199688e-efc2-11f0-82d9-6e001b3eef54,Toxicity,74,48,2466.395752|3.000000|0.000000|0.000000|0.000000,3.895793914794922,3.0,2797.416504|3.000000|0.000000|0.000000|0.000000,2308.026855|7.000000|2.000000|0.000000|0.000000,2643.586426|7.000000|2.000000|0.000000|0.000000,7,50059026432.000000,N/A,5
MOGP_GENERATIONAL,1081ab50-efc2-11f0-951e-6e001b3eef54,Toxicity,74,51,2466.395752|3.000000|0.000000|0.000000|0.000000,3.642098903656006,3.0,2797.416504|3.000000|0.000000|0.000000|0.000000,2198.464844|7.000000|1.000000|0.000000|0.000000,2548.631592|7.000000|1.000000|0.000000|0.000000,7,71463976960.000000,N/A,5
MOGP_GENERATIONAL,1199688e-efc2-11f0-82d9-6e001b3eef54,Toxicity,74,49,2466.395752|3.000000|0.000000|0.000000|0.000000,3.992114782333374,3.0,2797.416504|3.000000|0.000000|0.000000|0.000000,2124.137939|7.000000|2.000000|0.000000|0.000000,2538.030273|7.000000|2.000000|0.000000|0.000000,7,114022588416.000000,N/A,5
MOGP_GENERATIONAL,1081ab50-efc2-11f0-951e-6e001b3eef54,Toxicity,74,52,2466.395752|3.000000|0.000000|0.000000|0.000000,3.5386807918548584,3.0,2797.416504|3.000000|0.000000|0.000000|0.000000,2162.058105|7.000000|2.000000|0.000000|0.000000,2594.622803|7.000000|2.000000|0.000000|0.000000,7,69068775424.000000,N/A,5
MOGP_GENERATIONAL,1199688e-efc2-11f0-82d9-6e001b3eef54,Toxicity,74,50,2466.395752|3.000000|0.000000|0.000000|0.000000,3.7449610233306885,3.0,2797.416504|3.000000|0.000000|0.000000|0.000000,2131.023438|7.000000|0.000000|0.000000|0.000000,2439.344482|7.000000|0.000000|0.000000|0.000000,7,12376632320.000000,N/A,5
MOGP_GENERATIONAL,1081ab50-efc2-11f0-951e-6e001b3eef54,Toxicity,74,53,2466.395752|3.000000|0.000000|0.000000|0.000000,3.5436959266662598,3.0,2797.416504|3.000000|0.000000|0.000000|0.000000,2080.498047|7.000000|1.000000|0.000000|0.000000,2398.621094|7.000000|1.000000|0.000000|0.000000,7,15399785472.000000,N/A,5
MOGP_GENERATIONAL,1199688e-efc2-11f0-82d9-6e001b3eef54,Toxicity,74,51,2466.395752|3.000000|0.000000|0.000000|0.000000,3.8595292568206787,3.0,2797.416504|3.000000|0.000000|0.000000|0.000000,2198.464844|7.000000|1.000000|0.000000|0.000000,2548.631592|7.000000|1.000000|0.000000|0.000000,7,71463976960.000000,N/A,5
MOGP_GENERATIONAL,1081ab50-efc2-11f0-951e-6e001b3eef54,Toxicity,74,54,2466.395752|3.000000|0.000000|0.000000|0.000000,3.5655996799468994,3.0,2797.416504|3.000000|0.000000|0.000000|0.000000,2063.211182|7.000000|2.000000|0.000000|0.000000,2415.720459|7.000000|2.000000|0.000000|0.000000,7,69397102592.000000,N/A,5
MOGP_GENERATIONAL,1199688e-efc2-11f0-82d9-6e001b3eef54,Toxicity,74,52,2466.395752|3.000000|0.000000|0.000000|0.000000,3.9388742446899414,3.0,2797.416504|3.000000|0.000000|0.000000|0.000000,2162.058105|7.000000|2.000000|0.000000|0.000000,2594.622803|7.000000|2.000000|0.000000|0.000000,7,69068775424.000000,N/A,5
MOGP_GENERATIONAL,1081ab50-efc2-11f0-951e-6e001b3eef54,Toxicity,74,55,2466.395752|3.000000|0.000000|0.000000|0.000000,3.697422981262207,3.0,2797.416504|3.000000|0.000000|0.000000|0.000000,2063.786377|7.000000|2.000000|0.000000|0.000000,2342.069824|7.000000|2.000000|0.000000|0.000000,7,69568479232.000000,N/A,5
MOGP_GENERATIONAL,1081ab50-efc2-11f0-951e-6e001b3eef54,Toxicity,74,56,2466.395752|3.000000|0.000000|0.000000|0.000000,3.7939441204071045,3.0,2797.416504|3.000000|0.000000|0.000000|0.000000,2211.935303|7.000000|2.000000|0.000000|0.000000,2645.183350|7.000000|2.000000|0.000000|0.000000,7,65203691520.000000,N/A,5
MOGP_GENERATIONAL,1199688e-efc2-11f0-82d9-6e001b3eef54,Toxicity,74,53,2466.395752|3.000000|0.000000|0.000000|0.000000,3.802070140838623,3.0,2797.416504|3.000000|0.000000|0.000000|0.000000,2080.498047|7.000000|1.000000|0.000000|0.000000,2398.621094|7.000000|1.000000|0.000000|0.000000,7,15399785472.000000,N/A,5
MOGP_GENERATIONAL,1081ab50-efc2-11f0-951e-6e001b3eef54,Toxicity,74,57,2466.395752|3.000000|0.000000|0.000000|0.000000,3.585160970687866,3.0,2797.416504|3.000000|0.000000|0.000000|0.000000,2227.136719|7.000000|2.000000|0.000000|0.000000,2620.416260|7.000000|2.000000|0.000000|0.000000,7,69125931008.000000,N/A,5
MOGP_GENERATIONAL,1199688e-efc2-11f0-82d9-6e001b3eef54,Toxicity,74,54,2466.395752|3.000000|0.000000|0.000000|0.000000,3.6922669410705566,3.0,2797.416504|3.000000|0.000000|0.000000|0.000000,2063.211182|7.000000|2.000000|0.000000|0.000000,2415.720459|7.000000|2.000000|0.000000|0.000000,7,69397102592.000000,N/A,5
MOGP_GENERATIONAL,1081ab50-efc2-11f0-951e-6e001b3eef54,Toxicity,74,58,2466.395752|3.000000|0.000000|0.000000|0.000000,3.7093100547790527,3.0,2797.416504|3.000000|0.000000|0.000000|0.000000,2297.972900|7.000000|2.000000|0.000000|0.000000,2704.212646|7.000000|2.000000|0.000000|0.000000,7,42168156160.000000,N/A,5
MOGP_GENERATIONAL,1199688e-efc2-11f0-82d9-6e001b3eef54,Toxicity,74,55,2466.395752|3.000000|0.000000|0.000000|0.000000,3.8808817863464355,3.0,2797.416504|3.000000|0.000000|0.000000|0.000000,2063.786377|7.000000|2.000000|0.000000|0.000000,2342.069824|7.000000|2.000000|0.000000|0.000000,7,69568479232.000000,N/A,5
MOGP_GENERATIONAL,1081ab50-efc2-11f0-951e-6e001b3eef54,Toxicity,74,59,2466.395752|3.000000|0.000000|0.000000|0.000000,3.6909639835357666,3.0,2797.416504|3.000000|0.000000|0.000000|0.000000,2266.584961|7.000000|2.000000|0.000000|0.000000,2610.570312|7.000000|2.000000|0.000000|0.000000,7,62608461824.000000,N/A,5
MOGP_GENERATIONAL,1199688e-efc2-11f0-82d9-6e001b3eef54,Toxicity,74,56,2466.395752|3.000000|0.000000|0.000000|0.000000,4.093574285507202,3.0,2797.416504|3.000000|0.000000|0.000000|0.000000,2211.935303|7.000000|2.000000|0.000000|0.000000,2645.183350|7.000000|2.000000|0.000000|0.000000,7,65203691520.000000,N/A,5
MOGP_GENERATIONAL,1081ab50-efc2-11f0-951e-6e001b3eef54,Toxicity,74,60,2466.395752|3.000000|0.000000|0.000000|0.000000,3.662659168243408,3.0,2797.416504|3.000000|0.000000|0.000000|0.000000,2145.770020|7.000000|2.000000|0.000000|0.000000,2415.211426|7.000000|2.000000|0.000000|0.000000,7,52046913536.000000,N/A,5
MOGP_GENERATIONAL,1199688e-efc2-11f0-82d9-6e001b3eef54,Toxicity,74,57,2466.395752|3.000000|0.000000|0.000000|0.000000,3.833458185195923,3.0,2797.416504|3.000000|0.000000|0.000000|0.000000,2227.136719|7.000000|2.000000|0.000000|0.000000,2620.416260|7.000000|2.000000|0.000000|0.000000,7,69125931008.000000,N/A,5
MOGP_GENERATIONAL,1081ab50-efc2-11f0-951e-6e001b3eef54,Toxicity,74,61,2466.395752|3.000000|0.000000|0.000000|0.000000,3.6633241176605225,3.0,2797.416504|3.000000|0.000000|0.000000|0.000000,2270.551025|7.000000|1.000000|0.000000|0.000000,2579.071777|7.000000|1.000000|0.000000|0.000000,7,88389484544.000000,N/A,5
MOGP_GENERATIONAL,1199688e-efc2-11f0-82d9-6e001b3eef54,Toxicity,74,58,2466.395752|3.000000|0.000000|0.000000|0.000000,3.810934066772461,3.0,2797.416504|3.000000|0.000000|0.000000|0.000000,2297.972900|7.000000|2.000000|0.000000|0.000000,2704.212646|7.000000|2.000000|0.000000|0.000000,7,42168156160.000000,N/A,5
MOGP_GENERATIONAL,1081ab50-efc2-11f0-951e-6e001b3eef54,Toxicity,74,62,2466.395752|3.000000|0.000000|0.000000|0.000000,3.7359611988067627,3.0,2797.416504|3.000000|0.000000|0.000000|0.000000,2029.168457|7.000000|0.000000|2.000000|0.000000,2318.391113|7.000000|0.000000|2.000000|0.000000,7,78539440128.000000,N/A,5
MOGP_GENERATIONAL,1199688e-efc2-11f0-82d9-6e001b3eef54,Toxicity,74,59,2466.395752|3.000000|0.000000|0.000000|0.000000,3.818938970565796,3.0,2797.416504|3.000000|0.000000|0.000000|0.000000,2266.584961|7.000000|2.000000|0.000000|0.000000,2610.570312|7.000000|2.000000|0.000000|0.000000,7,62608461824.000000,N/A,5
MOGP_GENERATIONAL,1081ab50-efc2-11f0-951e-6e001b3eef54,Toxicity,74,63,2466.395752|3.000000|0.000000|0.000000|0.000000,3.7369916439056396,3.0,2797.416504|3.000000|0.000000|0.000000|0.000000,2207.937500|7.000000|2.000000|0.000000|0.000000,2638.511475|7.000000|2.000000|0.000000|0.000000,7,49969127424.000000,N/A,5
MOGP_GENERATIONAL,1199688e-efc2-11f0-82d9-6e001b3eef54,Toxicity,74,60,2466.395752|3.000000|0.000000|0.000000|0.000000,3.762746810913086,3.0,2797.416504|3.000000|0.000000|0.000000|0.000000,2145.770020|7.000000|2.000000|0.000000|0.000000,2415.211426|7.000000|2.000000|0.000000|0.000000,7,52046913536.000000,N/A,5
MOGP_GENERATIONAL,1081ab50-efc2-11f0-951e-6e001b3eef54,Toxicity,74,64,2466.395752|3.000000|0.000000|0.000000|0.000000,3.565945863723755,3.0,2797.416504|3.000000|0.000000|0.000000|0.000000,2089.100342|7.000000|1.000000|0.000000|0.000000,2463.683350|7.000000|1.000000|0.000000|0.000000,7,22127654912.000000,N/A,5
MOGP_GENERATIONAL,1199688e-efc2-11f0-82d9-6e001b3eef54,Toxicity,74,61,2466.395752|3.000000|0.000000|0.000000|0.000000,3.818258762359619,3.0,2797.416504|3.000000|0.000000|0.000000|0.000000,2270.551025|7.000000|1.000000|0.000000|0.000000,2579.071777|7.000000|1.000000|0.000000|0.000000,7,88389484544.000000,N/A,5
MOGP_GENERATIONAL,1081ab50-efc2-11f0-951e-6e001b3eef54,Toxicity,74,65,2466.395752|3.000000|0.000000|0.000000|0.000000,3.677255153656006,3.0,2797.416504|3.000000|0.000000|0.000000|0.000000,2176.841064|7.000000|1.000000|0.000000|0.000000,2594.359131|7.000000|1.000000|0.000000|0.000000,7,43402346496.000000,N/A,5
MOGP_GENERATIONAL,1199688e-efc2-11f0-82d9-6e001b3eef54,Toxicity,74,62,2466.395752|3.000000|0.000000|0.000000|0.000000,3.9430959224700928,3.0,2797.416504|3.000000|0.000000|0.000000|0.000000,2029.168457|7.000000|0.000000|2.000000|0.000000,2318.391113|7.000000|0.000000|2.000000|0.000000,7,78539440128.000000,N/A,5
MOGP_GENERATIONAL,1081ab50-efc2-11f0-951e-6e001b3eef54,Toxicity,74,66,2466.395752|3.000000|0.000000|0.000000|0.000000,3.67091703414917,3.0,2797.416504|3.000000|0.000000|0.000000|0.000000,2377.580322|7.000000|2.000000|0.000000|0.000000,2732.195068|7.000000|2.000000|0.000000|0.000000,7,62394286080.000000,N/A,5
MOGP_GENERATIONAL,1199688e-efc2-11f0-82d9-6e001b3eef54,Toxicity,74,63,2466.395752|3.000000|0.000000|0.000000|0.000000,4.082052707672119,3.0,2797.416504|3.000000|0.000000|0.000000|0.000000,2207.937500|7.000000|2.000000|0.000000|0.000000,2638.511475|7.000000|2.000000|0.000000|0.000000,7,49969127424.000000,N/A,5
MOGP_GENERATIONAL,1081ab50-efc2-11f0-951e-6e001b3eef54,Toxicity,74,67,2466.395752|3.000000|0.000000|0.000000|0.000000,3.7277979850769043,3.0,2797.416504|3.000000|0.000000|0.000000|0.000000,1982.045898|7.000000|0.000000|0.000000|0.000000,2254.447754|7.000000|0.000000|0.000000|0.000000,7,48069021696.000000,N/A,5
MOGP_GENERATIONAL,1199688e-efc2-11f0-82d9-6e001b3eef54,Toxicity,74,64,2466.395752|3.000000|0.000000|0.000000|0.000000,3.746561050415039,3.0,2797.416504|3.000000|0.000000|0.000000|0.000000,2089.100342|7.000000|1.000000|0.000000|0.000000,2463.683350|7.000000|1.000000|0.000000|0.000000,7,22127654912.000000,N/A,5
MOGP_GENERATIONAL,1081ab50-efc2-11f0-951e-6e001b3eef54,Toxicity,74,68,2466.395752|3.000000|0.000000|0.000000|0.000000,3.7264609336853027,3.0,2797.416504|3.000000|0.000000|0.000000|0.000000,2165.343750|7.000000|1.000000|0.000000|0.000000,2598.732910|7.000000|1.000000|0.000000|0.000000,7,65132900352.000000,N/A,5
MOGP_GENERATIONAL,1199688e-efc2-11f0-82d9-6e001b3eef54,Toxicity,74,65,2466.395752|3.000000|0.000000|0.000000|0.000000,3.783553123474121,3.0,2797.416504|3.000000|0.000000|0.000000|0.000000,2176.841064|7.000000|1.000000|0.000000|0.000000,2594.359131|7.000000|1.000000|0.000000|0.000000,7,43402346496.000000,N/A,5
MOGP_GENERATIONAL,1081ab50-efc2-11f0-951e-6e001b3eef54,Toxicity,74,69,2466.395752|3.000000|0.000000|0.000000|0.000000,3.4952633380889893,3.0,2797.416504|3.000000|0.000000|0.000000|0.000000,2203.327393|7.000000|2.000000|0.000000|0.000000,2632.174316|7.000000|2.000000|0.000000|0.000000,7,51269496832.000000,N/A,5
MOGP_GENERATIONAL,1199688e-efc2-11f0-82d9-6e001b3eef54,Toxicity,74,66,2466.395752|3.000000|0.000000|0.000000|0.000000,3.8380837440490723,3.0,2797.416504|3.000000|0.000000|0.000000|0.000000,2377.580322|7.000000|2.000000|0.000000|0.000000,2732.195068|7.000000|2.000000|0.000000|0.000000,7,62394286080.000000,N/A,5
MOGP_GENERATIONAL,1081ab50-efc2-11f0-951e-6e001b3eef54,Toxicity,74,70,2466.395752|3.000000|0.000000|0.000000|0.000000,3.5664939880371094,3.0,2797.416504|3.000000|0.000000|0.000000|0.000000,2176.525391|7.000000|1.000000|0.000000|0.000000,2579.990967|7.000000|1.000000|0.000000|0.000000,7,48104525824.000000,N/A,5
MOGP_GENERATIONAL,1199688e-efc2-11f0-82d9-6e001b3eef54,Toxicity,74,67,2466.395752|3.000000|0.000000|0.000000|0.000000,3.880930185317993,3.0,2797.416504|3.000000|0.000000|0.000000|0.000000,1982.045898|7.000000|0.000000|0.000000|0.000000,2254.447754|7.000000|0.000000|0.000000|0.000000,7,48069021696.000000,N/A,5
MOGP_GENERATIONAL,1081ab50-efc2-11f0-951e-6e001b3eef54,Toxicity,74,71,2466.395752|3.000000|0.000000|0.000000|0.000000,3.7806100845336914,3.0,2797.416504|3.000000|0.000000|0.000000|0.000000,2052.759521|11.000000|2.000000|0.000000|0.000000,2401.648682|11.000000|2.000000|0.000000|0.000000,11,70151487488.000000,N/A,5
MOGP_GENERATIONAL,1199688e-efc2-11f0-82d9-6e001b3eef54,Toxicity,74,68,2466.395752|3.000000|0.000000|0.000000|0.000000,3.9742391109466553,3.0,2797.416504|3.000000|0.000000|0.000000|0.000000,2165.343750|7.000000|1.000000|0.000000|0.000000,2598.732910|7.000000|1.000000|0.000000|0.000000,7,65132900352.000000,N/A,5
MOGP_GENERATIONAL,1081ab50-efc2-11f0-951e-6e001b3eef54,Toxicity,74,72,2466.395752|3.000000|0.000000|0.000000|0.000000,3.626235008239746,3.0,2797.416504|3.000000|0.000000|0.000000|0.000000,2029.168457|7.000000|0.000000|0.000000|0.000000,2318.391113|7.000000|0.000000|0.000000|0.000000,7,89248792576.000000,N/A,5
MOGP_GENERATIONAL,1199688e-efc2-11f0-82d9-6e001b3eef54,Toxicity,74,69,2466.395752|3.000000|0.000000|0.000000|0.000000,3.785409927368164,3.0,2797.416504|3.000000|0.000000|0.000000|0.000000,2203.327393|7.000000|2.000000|0.000000|0.000000,2632.174316|7.000000|2.000000|0.000000|0.000000,7,51269496832.000000,N/A,5
MOGP_GENERATIONAL,1081ab50-efc2-11f0-951e-6e001b3eef54,Toxicity,74,73,2466.395752|3.000000|0.000000|0.000000|0.000000,3.5239837169647217,3.0,2797.416504|3.000000|0.000000|0.000000|0.000000,1994.239380|7.000000|0.000000|0.000000|0.000000,2172.452881|7.000000|0.000000|0.000000|0.000000,7,60557742080.000000,N/A,5
MOGP_GENERATIONAL,1081ab50-efc2-11f0-951e-6e001b3eef54,Toxicity,74,74,2466.395752|3.000000|0.000000|0.000000|0.000000,3.613776922225952,3.0,2797.416504|3.000000|0.000000|0.000000|0.000000,2131.023438|7.000000|0.000000|0.000000|0.000000,2439.344482|7.000000|0.000000|0.000000|0.000000,7,79544836096.000000,N/A,5
MOGP_GENERATIONAL,1199688e-efc2-11f0-82d9-6e001b3eef54,Toxicity,74,70,2466.395752|3.000000|0.000000|0.000000|0.000000,3.793680191040039,3.0,2797.416504|3.000000|0.000000|0.000000|0.000000,2176.525391|7.000000|1.000000|0.000000|0.000000,2579.990967|7.000000|1.000000|0.000000|0.000000,7,48104525824.000000,N/A,5
MOGP_GENERATIONAL,1081ab50-efc2-11f0-951e-6e001b3eef54,Toxicity,74,75,2466.395752|3.000000|0.000000|0.000000|0.000000,3.434079885482788,3.0,2797.416504|3.000000|0.000000|0.000000|0.000000,2009.658936|7.000000|1.000000|0.000000|0.000000,2370.863525|7.000000|1.000000|0.000000|0.000000,7,69615550464.000000,N/A,5
MOGP_GENERATIONAL,1199688e-efc2-11f0-82d9-6e001b3eef54,Toxicity,74,71,2466.395752|3.000000|0.000000|0.000000|0.000000,3.9601712226867676,3.0,2797.416504|3.000000|0.000000|0.000000|0.000000,2052.759521|11.000000|2.000000|0.000000|0.000000,2401.648682|11.000000|2.000000|0.000000|0.000000,11,70151487488.000000,N/A,5
MOGP_GENERATIONAL,1081ab50-efc2-11f0-951e-6e001b3eef54,Toxicity,74,76,2466.395752|3.000000|0.000000|0.000000|0.000000,3.7521300315856934,3.0,2797.416504|3.000000|0.000000|0.000000|0.000000,1999.035645|7.000000|2.000000|0.000000|0.000000,2349.234131|7.000000|2.000000|0.000000|0.000000,7,50360995840.000000,N/A,5
MOGP_GENERATIONAL,1199688e-efc2-11f0-82d9-6e001b3eef54,Toxicity,74,72,2466.395752|3.000000|0.000000|0.000000|0.000000,3.7706339359283447,3.0,2797.416504|3.000000|0.000000|0.000000|0.000000,2029.168457|7.000000|0.000000|0.000000|0.000000,2318.391113|7.000000|0.000000|0.000000|0.000000,7,89248792576.000000,N/A,5
MOGP_GENERATIONAL,1081ab50-efc2-11f0-951e-6e001b3eef54,Toxicity,74,77,2466.395752|3.000000|0.000000|0.000000|0.000000,3.6799280643463135,3.0,2797.416504|3.000000|0.000000|0.000000|0.000000,2206.612793|7.000000|2.000000|0.000000|0.000000,2637.208984|7.000000|2.000000|0.000000|0.000000,7,70394560512.000000,N/A,5
MOGP_GENERATIONAL,1199688e-efc2-11f0-82d9-6e001b3eef54,Toxicity,74,73,2466.395752|3.000000|0.000000|0.000000|0.000000,3.7155797481536865,3.0,2797.416504|3.000000|0.000000|0.000000|0.000000,1994.239380|7.000000|0.000000|0.000000|0.000000,2172.452881|7.000000|0.000000|0.000000|0.000000,7,60557742080.000000,N/A,5
MOGP_GENERATIONAL,1081ab50-efc2-11f0-951e-6e001b3eef54,Toxicity,74,78,2466.395752|3.000000|0.000000|0.000000|0.000000,3.7406771183013916,3.0,2797.416504|3.000000|0.000000|0.000000|0.000000,2029.168457|7.000000|0.000000|2.000000|0.000000,2318.391113|7.000000|0.000000|2.000000|0.000000,7,66400268288.000000,N/A,5
MOGP_GENERATIONAL,1199688e-efc2-11f0-82d9-6e001b3eef54,Toxicity,74,74,2466.395752|3.000000|0.000000|0.000000|0.000000,3.8528661727905273,3.0,2797.416504|3.000000|0.000000|0.000000|0.000000,2131.023438|7.000000|0.000000|0.000000|0.000000,2439.344482|7.000000|0.000000|0.000000|0.000000,7,79544836096.000000,N/A,5
MOGP_GENERATIONAL,1081ab50-efc2-11f0-951e-6e001b3eef54,Toxicity,74,79,2466.395752|3.000000|0.000000|0.000000|0.000000,3.66255521774292,3.0,2797.416504|3.000000|0.000000|0.000000|0.000000,2235.684570|7.000000|1.000000|0.000000|0.000000,2580.693848|7.000000|1.000000|0.000000|0.000000,7,49774596096.000000,N/A,5
MOGP_GENERATIONAL,1199688e-efc2-11f0-82d9-6e001b3eef54,Toxicity,74,75,2466.395752|3.000000|0.000000|0.000000|0.000000,3.6058309078216553,3.0,2797.416504|3.000000|0.000000|0.000000|0.000000,2009.658936|7.000000|1.000000|0.000000|0.000000,2370.863525|7.000000|1.000000|0.000000|0.000000,7,69615550464.000000,N/A,5
MOGP_GENERATIONAL,1081ab50-efc2-11f0-951e-6e001b3eef54,Toxicity,74,80,2466.395752|3.000000|0.000000|0.000000|0.000000,3.740565061569214,3.0,2797.416504|3.000000|0.000000|0.000000|0.000000,2078.341553|7.000000|2.000000|0.000000|0.000000,2487.708496|7.000000|2.000000|0.000000|0.000000,7,85316665344.000000,N/A,5
MOGP_GENERATIONAL,1199688e-efc2-11f0-82d9-6e001b3eef54,Toxicity,74,76,2466.395752|3.000000|0.000000|0.000000|0.000000,3.9963481426239014,3.0,2797.416504|3.000000|0.000000|0.000000|0.000000,1999.035645|7.000000|2.000000|0.000000|0.000000,2349.234131|7.000000|2.000000|0.000000|0.000000,7,50360995840.000000,N/A,5
MOGP_GENERATIONAL,1081ab50-efc2-11f0-951e-6e001b3eef54,Toxicity,74,81,2466.395752|3.000000|0.000000|0.000000|0.000000,3.6547651290893555,3.0,2797.416504|3.000000|0.000000|0.000000|0.000000,2172.368652|7.000000|1.000000|0.000000|0.000000,2584.571045|7.000000|1.000000|0.000000|0.000000,7,78613045248.000000,N/A,5
MOGP_GENERATIONAL,1199688e-efc2-11f0-82d9-6e001b3eef54,Toxicity,74,77,2466.395752|3.000000|0.000000|0.000000|0.000000,3.786452054977417,3.0,2797.416504|3.000000|0.000000|0.000000|0.000000,2206.612793|7.000000|2.000000|0.000000|0.000000,2637.208984|7.000000|2.000000|0.000000|0.000000,7,70394560512.000000,N/A,5
MOGP_GENERATIONAL,1081ab50-efc2-11f0-951e-6e001b3eef54,Toxicity,74,82,2466.395752|3.000000|0.000000|0.000000|0.000000,3.775813102722168,3.0,2797.416504|3.000000|0.000000|0.000000|0.000000,2412.041016|11.000000|2.000000|0.000000|0.000000,2709.192139|11.000000|2.000000|0.000000|0.000000,11,27910539264.000000,N/A,5
MOGP_GENERATIONAL,1199688e-efc2-11f0-82d9-6e001b3eef54,Toxicity,74,78,2466.395752|3.000000|0.000000|0.000000|0.000000,3.9756698608398438,3.0,2797.416504|3.000000|0.000000|0.000000|0.000000,2029.168457|7.000000|0.000000|2.000000|0.000000,2318.391113|7.000000|0.000000|2.000000|0.000000,7,66400268288.000000,N/A,5
MOGP_GENERATIONAL,1081ab50-efc2-11f0-951e-6e001b3eef54,Toxicity,74,83,2466.395752|3.000000|0.000000|0.000000|0.000000,3.992295026779175,3.0,2797.416504|3.000000|0.000000|0.000000|0.000000,2218.245117|7.000000|2.000000|0.000000|0.000000,2631.810303|7.000000|2.000000|0.000000|0.000000,7,72028184576.000000,N/A,5
MOGP_GENERATIONAL,1199688e-efc2-11f0-82d9-6e001b3eef54,Toxicity,74,79,2466.395752|3.000000|0.000000|0.000000|0.000000,3.9792892932891846,3.0,2797.416504|3.000000|0.000000|0.000000|0.000000,2235.684570|7.000000|1.000000|0.000000|0.000000,2580.693848|7.000000|1.000000|0.000000|0.000000,7,49774596096.000000,N/A,5
MOGP_GENERATIONAL,1081ab50-efc2-11f0-951e-6e001b3eef54,Toxicity,74,84,2466.395752|3.000000|0.000000|0.000000|0.000000,3.4962260723114014,3.0,2797.416504|3.000000|0.000000|0.000000|0.000000,2208.718994|7.000000|2.000000|0.000000|0.000000,2640.131592|7.000000|2.000000|0.000000|0.000000,7,54554296320.000000,N/A,5
MOGP_GENERATIONAL,1199688e-efc2-11f0-82d9-6e001b3eef54,Toxicity,74,80,2466.395752|3.000000|0.000000|0.000000|0.000000,3.96704363822937,3.0,2797.416504|3.000000|0.000000|0.000000|0.000000,2078.341553|7.000000|2.000000|0.000000|0.000000,2487.708496|7.000000|2.000000|0.000000|0.000000,7,85316665344.000000,N/A,5
MOGP_GENERATIONAL,1081ab50-efc2-11f0-951e-6e001b3eef54,Toxicity,74,85,2466.395752|3.000000|0.000000|0.000000|0.000000,3.6609699726104736,3.0,2797.416504|3.000000|0.000000|0.000000|0.000000,2183.042480|7.000000|1.000000|0.000000|0.000000,2605.754639|7.000000|1.000000|0.000000|0.000000,7,85065179136.000000,N/A,5
MOGP_GENERATIONAL,1199688e-efc2-11f0-82d9-6e001b3eef54,Toxicity,74,81,2466.395752|3.000000|0.000000|0.000000|0.000000,3.9426169395446777,3.0,2797.416504|3.000000|0.000000|0.000000|0.000000,2172.368652|7.000000|1.000000|0.000000|0.000000,2584.571045|7.000000|1.000000|0.000000|0.000000,7,78613045248.000000,N/A,5
MOGP_GENERATIONAL,1081ab50-efc2-11f0-951e-6e001b3eef54,Toxicity,74,86,2466.395752|3.000000|0.000000|0.000000|0.000000,3.5730199813842773,3.0,2797.416504|3.000000|0.000000|0.000000|0.000000,2131.023438|7.000000|0.000000|0.000000|0.000000,2439.344482|7.000000|0.000000|0.000000|0.000000,7,54461136896.000000,N/A,5
MOGP_GENERATIONAL,1199688e-efc2-11f0-82d9-6e001b3eef54,Toxicity,74,82,2466.395752|3.000000|0.000000|0.000000|0.000000,4.048107147216797,3.0,2797.416504|3.000000|0.000000|0.000000|0.000000,2412.041016|11.000000|2.000000|0.000000|0.000000,2709.192139|11.000000|2.000000|0.000000|0.000000,11,27910539264.000000,N/A,5
MOGP_GENERATIONAL,1081ab50-efc2-11f0-951e-6e001b3eef54,Toxicity,74,87,2466.395752|3.000000|0.000000|0.000000|0.000000,3.584336996078491,3.0,2797.416504|3.000000|0.000000|0.000000|0.000000,2018.421021|7.000000|1.000000|0.000000|0.000000,2411.098877|7.000000|1.000000|0.000000|0.000000,7,43495714816.000000,N/A,5
MOGP_GENERATIONAL,1199688e-efc2-11f0-82d9-6e001b3eef54,Toxicity,74,83,2466.395752|3.000000|0.000000|0.000000|0.000000,4.109709024429321,3.0,2797.416504|3.000000|0.000000|0.000000|0.000000,2218.245117|7.000000|2.000000|0.000000|0.000000,2631.810303|7.000000|2.000000|0.000000|0.000000,7,72028184576.000000,N/A,5
MOGP_GENERATIONAL,1081ab50-efc2-11f0-951e-6e001b3eef54,Toxicity,74,88,2466.395752|3.000000|0.000000|0.000000|0.000000,3.6032800674438477,3.0,2797.416504|3.000000|0.000000|0.000000|0.000000,1982.045898|7.000000|0.000000|0.000000|0.000000,2254.447754|7.000000|0.000000|0.000000|0.000000,7,51212304384.000000,N/A,5
MOGP_GENERATIONAL,1199688e-efc2-11f0-82d9-6e001b3eef54,Toxicity,74,84,2466.395752|3.000000|0.000000|0.000000|0.000000,3.6761040687561035,3.0,2797.416504|3.000000|0.000000|0.000000|0.000000,2208.718994|7.000000|2.000000|0.000000|0.000000,2640.131592|7.000000|2.000000|0.000000|0.000000,7,54554296320.000000,N/A,5
MOGP_GENERATIONAL,1081ab50-efc2-11f0-951e-6e001b3eef54,Toxicity,74,89,2466.395752|3.000000|0.000000|0.000000|0.000000,3.779874086380005,3.0,2797.416504|3.000000|0.000000|0.000000|0.000000,2168.221436|7.000000|1.000000|0.000000|0.000000,2566.826172|7.000000|1.000000|0.000000|0.000000,7,87562461184.000000,N/A,5
MOGP_GENERATIONAL,1199688e-efc2-11f0-82d9-6e001b3eef54,Toxicity,74,85,2466.395752|3.000000|0.000000|0.000000|0.000000,3.876142978668213,3.0,2797.416504|3.000000|0.000000|0.000000|0.000000,2183.042480|7.000000|1.000000|0.000000|0.000000,2605.754639|7.000000|1.000000|0.000000|0.000000,7,85065179136.000000,N/A,5
MOGP_GENERATIONAL,1081ab50-efc2-11f0-951e-6e001b3eef54,Toxicity,74,90,2466.395752|3.000000|0.000000|0.000000|0.000000,3.6662240028381348,3.0,2797.416504|3.000000|0.000000|0.000000|0.000000,2203.286377|7.000000|2.000000|0.000000|0.000000,2633.137939|7.000000|2.000000|0.000000|0.000000,7,76185452544.000000,N/A,5
MOGP_GENERATIONAL,1199688e-efc2-11f0-82d9-6e001b3eef54,Toxicity,74,86,2466.395752|3.000000|0.000000|0.000000|0.000000,3.759207248687744,3.0,2797.416504|3.000000|0.000000|0.000000|0.000000,2131.023438|7.000000|0.000000|0.000000|0.000000,2439.344482|7.000000|0.000000|0.000000|0.000000,7,54461136896.000000,N/A,5
MOGP_GENERATIONAL,1081ab50-efc2-11f0-951e-6e001b3eef54,Toxicity,74,91,2466.395752|3.000000|0.000000|0.000000|0.000000,3.637753963470459,3.0,2797.416504|3.000000|0.000000|0.000000|0.000000,2153.478027|7.000000|1.000000|0.000000|0.000000,2564.961426|7.000000|1.000000|0.000000|0.000000,7,97930534912.000000,N/A,5
MOGP_GENERATIONAL,1199688e-efc2-11f0-82d9-6e001b3eef54,Toxicity,74,87,2466.395752|3.000000|0.000000|0.000000|0.000000,3.797157049179077,3.0,2797.416504|3.000000|0.000000|0.000000|0.000000,2018.421021|7.000000|1.000000|0.000000|0.000000,2411.098877|7.000000|1.000000|0.000000|0.000000,7,43495714816.000000,N/A,5
MOGP_GENERATIONAL,1081ab50-efc2-11f0-951e-6e001b3eef54,Toxicity,74,92,2466.395752|3.000000|0.000000|0.000000|0.000000,3.7084078788757324,3.0,2797.416504|3.000000|0.000000|0.000000|0.000000,2464.907715|7.000000|1.000000|0.000000|0.000000,2797.815430|7.000000|1.000000|0.000000|0.000000,7,69082071040.000000,N/A,5
MOGP_GENERATIONAL,1199688e-efc2-11f0-82d9-6e001b3eef54,Toxicity,74,88,2466.395752|3.000000|0.000000|0.000000|0.000000,3.821519136428833,3.0,2797.416504|3.000000|0.000000|0.000000|0.000000,1982.045898|7.000000|0.000000|0.000000|0.000000,2254.447754|7.000000|0.000000|0.000000|0.000000,7,51212304384.000000,N/A,5
MOGP_GENERATIONAL,1081ab50-efc2-11f0-951e-6e001b3eef54,Toxicity,74,93,2466.395752|3.000000|0.000000|0.000000|0.000000,3.6740050315856934,3.0,2797.416504|3.000000|0.000000|0.000000|0.000000,2236.945801|7.000000|2.000000|0.000000|0.000000,2625.844482|7.000000|2.000000|0.000000|0.000000,7,30299377664.000000,N/A,5
MOGP_GENERATIONAL,1199688e-efc2-11f0-82d9-6e001b3eef54,Toxicity,74,89,2466.395752|3.000000|0.000000|0.000000|0.000000,3.8623828887939453,3.0,2797.416504|3.000000|0.000000|0.000000|0.000000,2168.221436|7.000000|1.000000|0.000000|0.000000,2566.826172|7.000000|1.000000|0.000000|0.000000,7,87562461184.000000,N/A,5
MOGP_GENERATIONAL,1081ab50-efc2-11f0-951e-6e001b3eef54,Toxicity,74,94,2466.395752|3.000000|0.000000|0.000000|0.000000,3.7479448318481445,3.0,2797.416504|3.000000|0.000000|0.000000|0.000000,2179.113525|7.000000|2.000000|0.000000|0.000000,2513.024414|7.000000|2.000000|0.000000|0.000000,7,69597224960.000000,N/A,5
MOGP_GENERATIONAL,1081ab50-efc2-11f0-951e-6e001b3eef54,Toxicity,74,95,2466.395752|3.000000|0.000000|0.000000|0.000000,3.6866140365600586,3.0,2797.416504|3.000000|0.000000|0.000000|0.000000,2274.255127|7.000000|2.000000|0.000000|0.000000,2618.105713|7.000000|2.000000|0.000000|0.000000,7,96396845056.000000,N/A,5
MOGP_GENERATIONAL,1199688e-efc2-11f0-82d9-6e001b3eef54,Toxicity,74,90,2466.395752|3.000000|0.000000|0.000000|0.000000,3.9848062992095947,3.0,2797.416504|3.000000|0.000000|0.000000|0.000000,2203.286377|7.000000|2.000000|0.000000|0.000000,2633.137939|7.000000|2.000000|0.000000|0.000000,7,76185452544.000000,N/A,5
MOGP_GENERATIONAL,1081ab50-efc2-11f0-951e-6e001b3eef54,Toxicity,74,96,2466.395752|3.000000|0.000000|0.000000|0.000000,3.5530407428741455,3.0,2797.416504|3.000000|0.000000|0.000000|0.000000,2185.655273|7.000000|1.000000|0.000000|0.000000,2572.539307|7.000000|1.000000|0.000000|0.000000,7,848396.312500,N/A,5
MOGP_GENERATIONAL,1199688e-efc2-11f0-82d9-6e001b3eef54,Toxicity,74,91,2466.395752|3.000000|0.000000|0.000000|0.000000,3.8384130001068115,3.0,2797.416504|3.000000|0.000000|0.000000|0.000000,2153.478027|7.000000|1.000000|0.000000|0.000000,2564.961426|7.000000|1.000000|0.000000|0.000000,7,97930534912.000000,N/A,5
MOGP_GENERATIONAL,1081ab50-efc2-11f0-951e-6e001b3eef54,Toxicity,74,97,2466.395752|3.000000|0.000000|0.000000|0.000000,3.5585131645202637,3.0,2797.416504|3.000000|0.000000|0.000000|0.000000,2292.676025|7.000000|2.000000|0.000000|0.000000,2627.047607|7.000000|2.000000|0.000000|0.000000,7,77073203200.000000,N/A,5
MOGP_GENERATIONAL,1199688e-efc2-11f0-82d9-6e001b3eef54,Toxicity,74,92,2466.395752|3.000000|0.000000|0.000000|0.000000,3.8640048503875732,3.0,2797.416504|3.000000|0.000000|0.000000|0.000000,2464.907715|7.000000|1.000000|0.000000|0.000000,2797.815430|7.000000|1.000000|0.000000|0.000000,7,69082071040.000000,N/A,5
MOGP_GENERATIONAL,1081ab50-efc2-11f0-951e-6e001b3eef54,Toxicity,74,98,2466.395752|3.000000|0.000000|0.000000|0.000000,3.561401128768921,3.0,2797.416504|3.000000|0.000000|0.000000|0.000000,2034.658203|7.000000|2.000000|0.000000|0.000000,2339.525391|7.000000|2.000000|0.000000|0.000000,7,47897075712.000000,N/A,5
MOGP_GENERATIONAL,1199688e-efc2-11f0-82d9-6e001b3eef54,Toxicity,74,93,2466.395752|3.000000|0.000000|0.000000|0.000000,3.974393844604492,3.0,2797.416504|3.000000|0.000000|0.000000|0.000000,2236.945801|7.000000|2.000000|0.000000|0.000000,2625.844482|7.000000|2.000000|0.000000|0.000000,7,30299377664.000000,N/A,5
MOGP_GENERATIONAL,1081ab50-efc2-11f0-951e-6e001b3eef54,Toxicity,74,99,2466.395752|3.000000|0.000000|0.000000|0.000000,3.5951578617095947,3.0,2797.416504|3.000000|0.000000|0.000000|0.000000,2254.037354|7.000000|1.000000|0.000000|0.000000,2583.995361|7.000000|1.000000|0.000000|0.000000,7,67896668160.000000,N/A,5
MOGP_GENERATIONAL,1199688e-efc2-11f0-82d9-6e001b3eef54,Toxicity,74,94,2466.395752|3.000000|0.000000|0.000000|0.000000,3.870382070541382,3.0,2797.416504|3.000000|0.000000|0.000000|0.000000,2179.113525|7.000000|2.000000|0.000000|0.000000,2513.024414|7.000000|2.000000|0.000000|0.000000,7,69597224960.000000,N/A,5
MOGP_GENERATIONAL,1081ab50-efc2-11f0-951e-6e001b3eef54,Toxicity,74,100,2466.395752|3.000000|0.000000|0.000000|0.000000,4.120858669281006,3.0,2797.416504|3.000000|0.000000|0.000000|0.000000,2107.594482|7.000000|0.000000|2.000000|0.000000,2234.082275|7.000000|0.000000|2.000000|0.000000,7,49488875520.000000,N/A,5
MOGP_GENERATIONAL,1199688e-efc2-11f0-82d9-6e001b3eef54,Toxicity,74,95,2466.395752|3.000000|0.000000|0.000000|0.000000,3.7598602771759033,3.0,2797.416504|3.000000|0.000000|0.000000|0.000000,2274.255127|7.000000|2.000000|0.000000|0.000000,2618.105713|7.000000|2.000000|0.000000|0.000000,7,96396845056.000000,N/A,5
MOGP_GENERATIONAL,1081ab50-efc2-11f0-951e-6e001b3eef54,Toxicity,74,101,2466.395752|3.000000|0.000000|0.000000|0.000000,3.5821187496185303,3.0,2797.416504|3.000000|0.000000|0.000000|0.000000,2188.522461|7.000000|2.000000|0.000000|0.000000,2604.684814|7.000000|2.000000|0.000000|0.000000,7,51776798720.000000,N/A,5
MOGP_GENERATIONAL,1199688e-efc2-11f0-82d9-6e001b3eef54,Toxicity,74,96,2466.395752|3.000000|0.000000|0.000000|0.000000,3.790888786315918,3.0,2797.416504|3.000000|0.000000|0.000000|0.000000,2185.655273|7.000000|1.000000|0.000000|0.000000,2572.539307|7.000000|1.000000|0.000000|0.000000,7,848396.312500,N/A,5
MOGP_GENERATIONAL,1081ab50-efc2-11f0-951e-6e001b3eef54,Toxicity,74,102,2466.395752|3.000000|0.000000|0.000000|0.000000,3.425482988357544,3.0,2797.416504|3.000000|0.000000|0.000000|0.000000,2189.052002|7.000000|1.000000|0.000000|0.000000,2511.912354|7.000000|1.000000|0.000000|0.000000,7,60948561920.000000,N/A,5
MOGP_GENERATIONAL,1199688e-efc2-11f0-82d9-6e001b3eef54,Toxicity,74,97,2466.395752|3.000000|0.000000|0.000000|0.000000,3.8685600757598877,3.0,2797.416504|3.000000|0.000000|0.000000|0.000000,2292.676025|7.000000|2.000000|0.000000|0.000000,2627.047607|7.000000|2.000000|0.000000|0.000000,7,77073203200.000000,N/A,5
MOGP_GENERATIONAL,1081ab50-efc2-11f0-951e-6e001b3eef54,Toxicity,74,103,2466.395752|3.000000|0.000000|0.000000|0.000000,3.660071849822998,3.0,2797.416504|3.000000|0.000000|0.000000|0.000000,2100.018799|7.000000|2.000000|0.000000|0.000000,2500.422119|7.000000|2.000000|0.000000|0.000000,7,84198727680.000000,N/A,5
MOGP_GENERATIONAL,1199688e-efc2-11f0-82d9-6e001b3eef54,Toxicity,74,98,2466.395752|3.000000|0.000000|0.000000|0.000000,3.7501819133758545,3.0,2797.416504|3.000000|0.000000|0.000000|0.000000,2034.658203|7.000000|2.000000|0.000000|0.000000,2339.525391|7.000000|2.000000|0.000000|0.000000,7,47897075712.000000,N/A,5
MOGP_GENERATIONAL,1081ab50-efc2-11f0-951e-6e001b3eef54,Toxicity,74,104,2466.395752|3.000000|0.000000|0.000000|0.000000,3.570279121398926,3.0,2797.416504|3.000000|0.000000|0.000000|0.000000,2228.533203|7.000000|2.000000|0.000000|0.000000,2682.375000|7.000000|2.000000|0.000000|0.000000,7,4863297.000000,N/A,5
MOGP_GENERATIONAL,1199688e-efc2-11f0-82d9-6e001b3eef54,Toxicity,74,99,2466.395752|3.000000|0.000000|0.000000|0.000000,3.7958059310913086,3.0,2797.416504|3.000000|0.000000|0.000000|0.000000,2254.037354|7.000000|1.000000|0.000000|0.000000,2583.995361|7.000000|1.000000|0.000000|0.000000,7,67896668160.000000,N/A,5
MOGP_GENERATIONAL,1081ab50-efc2-11f0-951e-6e001b3eef54,Toxicity,74,105,2466.395752|3.000000|0.000000|0.000000|0.000000,3.635862112045288,3.0,2797.416504|3.000000|0.000000|0.000000|0.000000,2072.166016|7.000000|1.000000|0.000000|0.000000,2489.693359|7.000000|1.000000|0.000000|0.000000,7,200737488.000000,N/A,5
MOGP_GENERATIONAL,1199688e-efc2-11f0-82d9-6e001b3eef54,Toxicity,74,100,2466.395752|3.000000|0.000000|0.000000|0.000000,3.8143012523651123,3.0,2797.416504|3.000000|0.000000|0.000000|0.000000,2107.594482|7.000000|0.000000|2.000000|0.000000,2234.082275|7.000000|0.000000|2.000000|0.000000,7,49488875520.000000,N/A,5
MOGP_GENERATIONAL,1081ab50-efc2-11f0-951e-6e001b3eef54,Toxicity,74,106,2466.395752|3.000000|0.000000|0.000000|0.000000,3.5146872997283936,3.0,2797.416504|3.000000|0.000000|0.000000|0.000000,2206.633789|7.000000|2.000000|2.000000|0.000000,2637.293213|7.000000|2.000000|2.000000|0.000000,7,115276840960.000000,N/A,5
MOGP_GENERATIONAL,1199688e-efc2-11f0-82d9-6e001b3eef54,Toxicity,74,101,2466.395752|3.000000|0.000000|0.000000|0.000000,3.718733787536621,3.0,2797.416504|3.000000|0.000000|0.000000|0.000000,2188.522461|7.000000|2.000000|0.000000|0.000000,2604.684814|7.000000|2.000000|0.000000|0.000000,7,51776798720.000000,N/A,5
MOGP_GENERATIONAL,1081ab50-efc2-11f0-951e-6e001b3eef54,Toxicity,74,107,2466.395752|3.000000|0.000000|0.000000|0.000000,3.482009172439575,3.0,2797.416504|3.000000|0.000000|0.000000|0.000000,2029.168457|7.000000|0.000000|0.000000|0.000000,2318.391113|7.000000|0.000000|0.000000|0.000000,7,62665142272.000000,N/A,5
MOGP_GENERATIONAL,1199688e-efc2-11f0-82d9-6e001b3eef54,Toxicity,74,102,2466.395752|3.000000|0.000000|0.000000|0.000000,3.657409906387329,3.0,2797.416504|3.000000|0.000000|0.000000|0.000000,2189.052002|7.000000|1.000000|0.000000|0.000000,2511.912354|7.000000|1.000000|0.000000|0.000000,7,60948561920.000000,N/A,5
MOGP_GENERATIONAL,1081ab50-efc2-11f0-951e-6e001b3eef54,Toxicity,74,108,2466.395752|3.000000|0.000000|0.000000|0.000000,3.6947569847106934,3.0,2797.416504|3.000000|0.000000|0.000000|0.000000,2263.145996|7.000000|2.000000|0.000000|0.000000,2601.474365|7.000000|2.000000|0.000000|0.000000,7,66509299712.000000,N/A,5
MOGP_GENERATIONAL,1199688e-efc2-11f0-82d9-6e001b3eef54,Toxicity,74,103,2466.395752|3.000000|0.000000|0.000000|0.000000,3.8066089153289795,3.0,2797.416504|3.000000|0.000000|0.000000|0.000000,2100.018799|7.000000|2.000000|0.000000|0.000000,2500.422119|7.000000|2.000000|0.000000|0.000000,7,84198727680.000000,N/A,5
MOGP_GENERATIONAL,1081ab50-efc2-11f0-951e-6e001b3eef54,Toxicity,74,109,2466.395752|3.000000|0.000000|0.000000|0.000000,3.63103985786438,3.0,2797.416504|3.000000|0.000000|0.000000|0.000000,2074.762939|7.000000|2.000000|0.000000|0.000000,2302.020264|7.000000|2.000000|0.000000|0.000000,7,46369013760.000000,N/A,5
MOGP_GENERATIONAL,1199688e-efc2-11f0-82d9-6e001b3eef54,Toxicity,74,104,2466.395752|3.000000|0.000000|0.000000|0.000000,3.751307725906372,3.0,2797.416504|3.000000|0.000000|0.000000|0.000000,2228.533203|7.000000|2.000000|0.000000|0.000000,2682.375000|7.000000|2.000000|0.000000|0.000000,7,4863297.000000,N/A,5
MOGP_GENERATIONAL,1081ab50-efc2-11f0-951e-6e001b3eef54,Toxicity,74,110,2466.395752|3.000000|0.000000|0.000000|0.000000,3.552248001098633,3.0,2797.416504|3.000000|0.000000|0.000000|0.000000,2316.746094|7.000000|1.000000|0.000000|0.000000,2666.253662|7.000000|1.000000|0.000000|0.000000,7,27884941312.000000,N/A,5
MOGP_GENERATIONAL,1199688e-efc2-11f0-82d9-6e001b3eef54,Toxicity,74,105,2466.395752|3.000000|0.000000|0.000000|0.000000,3.819965124130249,3.0,2797.416504|3.000000|0.000000|0.000000|0.000000,2072.166016|7.000000|1.000000|0.000000|0.000000,2489.693359|7.000000|1.000000|0.000000|0.000000,7,200737488.000000,N/A,5
MOGP_GENERATIONAL,1081ab50-efc2-11f0-951e-6e001b3eef54,Toxicity,74,111,2466.395752|3.000000|0.000000|0.000000|0.000000,3.5283100605010986,3.0,2797.416504|3.000000|0.000000|0.000000|0.000000,2180.071289|7.000000|2.000000|0.000000|0.000000,2513.669922|7.000000|2.000000|0.000000|0.000000,7,7226360.000000,N/A,5
MOGP_GENERATIONAL,1199688e-efc2-11f0-82d9-6e001b3eef54,Toxicity,74,106,2466.395752|3.000000|0.000000|0.000000|0.000000,3.822697162628174,3.0,2797.416504|3.000000|0.000000|0.000000|0.000000,2206.633789|7.000000|2.000000|2.000000|0.000000,2637.293213|7.000000|2.000000|2.000000|0.000000,7,115276840960.000000,N/A,5
MOGP_GENERATIONAL,1081ab50-efc2-11f0-951e-6e001b3eef54,Toxicity,74,112,2466.395752|3.000000|0.000000|0.000000|0.000000,3.6309399604797363,3.0,2797.416504|3.000000|0.000000|0.000000|0.000000,2175.236572|7.000000|1.000000|0.000000|0.000000,2590.432861|7.000000|1.000000|0.000000|0.000000,7,57702649856.000000,N/A,5
MOGP_GENERATIONAL,1081ab50-efc2-11f0-951e-6e001b3eef54,Toxicity,74,113,2466.395752|3.000000|0.000000|0.000000|0.000000,3.574802875518799,3.0,2797.416504|3.000000|0.000000|0.000000|0.000000,2438.630615|7.000000|1.000000|0.000000|0.000000,2773.026611|7.000000|1.000000|0.000000|0.000000,7,30702841856.000000,N/A,5
MOGP_GENERATIONAL,1199688e-efc2-11f0-82d9-6e001b3eef54,Toxicity,74,107,2466.395752|3.000000|0.000000|0.000000|0.000000,3.668494939804077,3.0,2797.416504|3.000000|0.000000|0.000000|0.000000,2029.168457|7.000000|0.000000|0.000000|0.000000,2318.391113|7.000000|0.000000|0.000000|0.000000,7,62665142272.000000,N/A,5
MOGP_GENERATIONAL,1081ab50-efc2-11f0-951e-6e001b3eef54,Toxicity,74,114,2466.395752|3.000000|0.000000|0.000000|0.000000,3.6043379306793213,3.0,2797.416504|3.000000|0.000000|0.000000|0.000000,2182.884766|7.000000|1.000000|0.000000|0.000000,2617.937988|7.000000|1.000000|0.000000|0.000000,7,45499809792.000000,N/A,5
MOGP_GENERATIONAL,1199688e-efc2-11f0-82d9-6e001b3eef54,Toxicity,74,108,2466.395752|3.000000|0.000000|0.000000|0.000000,3.9281280040740967,3.0,2797.416504|3.000000|0.000000|0.000000|0.000000,2263.145996|7.000000|2.000000|0.000000|0.000000,2601.474365|7.000000|2.000000|0.000000|0.000000,7,66509299712.000000,N/A,5
MOGP_GENERATIONAL,1081ab50-efc2-11f0-951e-6e001b3eef54,Toxicity,74,115,2466.395752|3.000000|0.000000|0.000000|0.000000,3.5162699222564697,3.0,2797.416504|3.000000|0.000000|0.000000|0.000000,2040.833740|7.000000|2.000000|0.000000|0.000000,2438.919922|7.000000|2.000000|0.000000|0.000000,7,24678023168.000000,N/A,5
MOGP_GENERATIONAL,1199688e-efc2-11f0-82d9-6e001b3eef54,Toxicity,74,109,2466.395752|3.000000|0.000000|0.000000|0.000000,3.9730241298675537,3.0,2797.416504|3.000000|0.000000|0.000000|0.000000,2074.762939|7.000000|2.000000|0.000000|0.000000,2302.020264|7.000000|2.000000|0.000000|0.000000,7,46369013760.000000,N/A,5
MOGP_GENERATIONAL,1081ab50-efc2-11f0-951e-6e001b3eef54,Toxicity,74,116,2466.395752|3.000000|0.000000|0.000000|0.000000,3.5692620277404785,3.0,2797.416504|3.000000|0.000000|0.000000|0.000000,2131.121094|7.000000|2.000000|0.000000|0.000000,2456.104004|7.000000|2.000000|0.000000|0.000000,7,64053059584.000000,N/A,5
MOGP_GENERATIONAL,1199688e-efc2-11f0-82d9-6e001b3eef54,Toxicity,74,110,2466.395752|3.000000|0.000000|0.000000|0.000000,3.8012149333953857,3.0,2797.416504|3.000000|0.000000|0.000000|0.000000,2316.746094|7.000000|1.000000|0.000000|0.000000,2666.253662|7.000000|1.000000|0.000000|0.000000,7,27884941312.000000,N/A,5
MOGP_GENERATIONAL,1081ab50-efc2-11f0-951e-6e001b3eef54,Toxicity,74,117,2466.395752|3.000000|0.000000|0.000000|0.000000,3.5044379234313965,3.0,2797.416504|3.000000|0.000000|0.000000|0.000000,2306.812744|7.000000|2.000000|0.000000|0.000000,2650.068359|7.000000|2.000000|0.000000|0.000000,7,57012129792.000000,N/A,5
MOGP_GENERATIONAL,1199688e-efc2-11f0-82d9-6e001b3eef54,Toxicity,74,111,2466.395752|3.000000|0.000000|0.000000|0.000000,3.7593400478363037,3.0,2797.416504|3.000000|0.000000|0.000000|0.000000,2180.071289|7.000000|2.000000|0.000000|0.000000,2513.669922|7.000000|2.000000|0.000000|0.000000,7,7226360.000000,N/A,5
MOGP_GENERATIONAL,1081ab50-efc2-11f0-951e-6e001b3eef54,Toxicity,74,118,2466.395752|3.000000|0.000000|0.000000|0.000000,3.5749142169952393,3.0,2797.416504|3.000000|0.000000|0.000000|0.000000,2163.308594|7.000000|2.000000|0.000000|0.000000,2503.956787|7.000000|2.000000|0.000000|0.000000,7,52994539520.000000,N/A,5
MOGP_GENERATIONAL,1199688e-efc2-11f0-82d9-6e001b3eef54,Toxicity,74,112,2466.395752|3.000000|0.000000|0.000000|0.000000,3.816598892211914,3.0,2797.416504|3.000000|0.000000|0.000000|0.000000,2175.236572|7.000000|1.000000|0.000000|0.000000,2590.432861|7.000000|1.000000|0.000000|0.000000,7,57702649856.000000,N/A,5
MOGP_GENERATIONAL,1081ab50-efc2-11f0-951e-6e001b3eef54,Toxicity,74,119,2466.395752|3.000000|0.000000|0.000000|0.000000,3.5941481590270996,3.0,2797.416504|3.000000|0.000000|0.000000|0.000000,2320.921387|7.000000|1.000000|0.000000|0.000000,2719.276855|7.000000|1.000000|0.000000|0.000000,7,51184001024.000000,N/A,5
MOGP_GENERATIONAL,1199688e-efc2-11f0-82d9-6e001b3eef54,Toxicity,74,113,2466.395752|3.000000|0.000000|0.000000|0.000000,3.842751979827881,3.0,2797.416504|3.000000|0.000000|0.000000|0.000000,2438.630615|7.000000|1.000000|0.000000|0.000000,2773.026611|7.000000|1.000000|0.000000|0.000000,7,30702841856.000000,N/A,5
MOGP_GENERATIONAL,1081ab50-efc2-11f0-951e-6e001b3eef54,Toxicity,74,120,2466.395752|3.000000|0.000000|0.000000|0.000000,3.69795298576355,3.0,2797.416504|3.000000|0.000000|0.000000|0.000000,1984.890259|7.000000|1.000000|0.000000|0.000000,2260.851807|7.000000|1.000000|0.000000|0.000000,7,57190973440.000000,N/A,5
MOGP_GENERATIONAL,1199688e-efc2-11f0-82d9-6e001b3eef54,Toxicity,74,114,2466.395752|3.000000|0.000000|0.000000|0.000000,3.8384571075439453,3.0,2797.416504|3.000000|0.000000|0.000000|0.000000,2182.884766|7.000000|1.000000|0.000000|0.000000,2617.937988|7.000000|1.000000|0.000000|0.000000,7,45499809792.000000,N/A,5
MOGP_GENERATIONAL,1081ab50-efc2-11f0-951e-6e001b3eef54,Toxicity,74,121,2466.395752|3.000000|0.000000|0.000000|0.000000,3.621555805206299,3.0,2797.416504|3.000000|0.000000|0.000000|0.000000,2203.459473|7.000000|2.000000|0.000000|0.000000,2632.865723|7.000000|2.000000|0.000000|0.000000,7,59576221696.000000,N/A,5
MOGP_GENERATIONAL,1199688e-efc2-11f0-82d9-6e001b3eef54,Toxicity,74,115,2466.395752|3.000000|0.000000|0.000000|0.000000,3.6512508392333984,3.0,2797.416504|3.000000|0.000000|0.000000|0.000000,2040.833740|7.000000|2.000000|0.000000|0.000000,2438.919922|7.000000|2.000000|0.000000|0.000000,7,24678023168.000000,N/A,5
MOGP_GENERATIONAL,1081ab50-efc2-11f0-951e-6e001b3eef54,Toxicity,74,122,2466.395752|3.000000|0.000000|0.000000|0.000000,3.694243907928467,3.0,2797.416504|3.000000|0.000000|0.000000|0.000000,2182.742676|7.000000|1.000000|0.000000|0.000000,2513.285889|7.000000|1.000000|0.000000|0.000000,7,401772576.000000,N/A,5
MOGP_GENERATIONAL,1199688e-efc2-11f0-82d9-6e001b3eef54,Toxicity,74,116,2466.395752|3.000000|0.000000|0.000000|0.000000,3.793576240539551,3.0,2797.416504|3.000000|0.000000|0.000000|0.000000,2131.121094|7.000000|2.000000|0.000000|0.000000,2456.104004|7.000000|2.000000|0.000000|0.000000,7,64053059584.000000,N/A,5
MOGP_GENERATIONAL,1081ab50-efc2-11f0-951e-6e001b3eef54,Toxicity,74,123,2466.395752|3.000000|0.000000|0.000000|0.000000,3.6660280227661133,3.0,2797.416504|3.000000|0.000000|0.000000|0.000000,2313.958740|7.000000|2.000000|0.000000|0.000000,2649.108887|7.000000|2.000000|0.000000|0.000000,7,50080624640.000000,N/A,5
MOGP_GENERATIONAL,1199688e-efc2-11f0-82d9-6e001b3eef54,Toxicity,74,117,2466.395752|3.000000|0.000000|0.000000|0.000000,3.7343590259552,3.0,2797.416504|3.000000|0.000000|0.000000|0.000000,2306.812744|7.000000|2.000000|0.000000|0.000000,2650.068359|7.000000|2.000000|0.000000|0.000000,7,57012129792.000000,N/A,5
MOGP_GENERATIONAL,1081ab50-efc2-11f0-951e-6e001b3eef54,Toxicity,74,124,2466.395752|3.000000|0.000000|0.000000|0.000000,3.5712738037109375,3.0,2797.416504|3.000000|0.000000|0.000000|0.000000,2143.325684|7.000000|2.000000|0.000000|0.000000,2547.713135|7.000000|2.000000|0.000000|0.000000,7,62384742400.000000,N/A,5
MOGP_GENERATIONAL,1199688e-efc2-11f0-82d9-6e001b3eef54,Toxicity,74,118,2466.395752|3.000000|0.000000|0.000000|0.000000,3.844398021697998,3.0,2797.416504|3.000000|0.000000|0.000000|0.000000,2163.308594|7.000000|2.000000|0.000000|0.000000,2503.956787|7.000000|2.000000|0.000000|0.000000,7,52994539520.000000,N/A,5
MOGP_GENERATIONAL,1081ab50-efc2-11f0-951e-6e001b3eef54,Toxicity,74,125,2466.395752|3.000000|0.000000|0.000000|0.000000,3.5542120933532715,3.0,2797.416504|3.000000|0.000000|0.000000|0.000000,2029.168457|7.000000|0.000000|0.000000|0.000000,2318.391113|7.000000|0.000000|0.000000|0.000000,7,2428127.250000,N/A,5
MOGP_GENERATIONAL,1199688e-efc2-11f0-82d9-6e001b3eef54,Toxicity,74,119,2466.395752|3.000000|0.000000|0.000000|0.000000,3.8760488033294678,3.0,2797.416504|3.000000|0.000000|0.000000|0.000000,2320.921387|7.000000|1.000000|0.000000|0.000000,2719.276855|7.000000|1.000000|0.000000|0.000000,7,51184001024.000000,N/A,5
MOGP_GENERATIONAL,1081ab50-efc2-11f0-951e-6e001b3eef54,Toxicity,74,126,2466.395752|3.000000|0.000000|0.000000|0.000000,3.7099411487579346,3.0,2797.416504|3.000000|0.000000|0.000000|0.000000,2363.036133|7.000000|0.000000|0.000000|0.000000,2690.048584|7.000000|0.000000|0.000000|0.000000,7,51277365248.000000,N/A,5
MOGP_GENERATIONAL,1199688e-efc2-11f0-82d9-6e001b3eef54,Toxicity,74,120,2466.395752|3.000000|0.000000|0.000000|0.000000,3.8975260257720947,3.0,2797.416504|3.000000|0.000000|0.000000|0.000000,1984.890259|7.000000|1.000000|0.000000|0.000000,2260.851807|7.000000|1.000000|0.000000|0.000000,7,57190973440.000000,N/A,5
MOGP_GENERATIONAL,1081ab50-efc2-11f0-951e-6e001b3eef54,Toxicity,74,127,2466.395752|3.000000|0.000000|0.000000|0.000000,3.741858959197998,3.0,2797.416504|3.000000|0.000000|0.000000|0.000000,2356.761230|7.000000|1.000000|0.000000|0.000000,2755.562012|7.000000|1.000000|0.000000|0.000000,7,9809358848.000000,N/A,5
MOGP_GENERATIONAL,1199688e-efc2-11f0-82d9-6e001b3eef54,Toxicity,74,121,2466.395752|3.000000|0.000000|0.000000|0.000000,3.8583052158355713,3.0,2797.416504|3.000000|0.000000|0.000000|0.000000,2203.459473|7.000000|2.000000|0.000000|0.000000,2632.865723|7.000000|2.000000|0.000000|0.000000,7,59576221696.000000,N/A,5
MOGP_GENERATIONAL,1081ab50-efc2-11f0-951e-6e001b3eef54,Toxicity,74,128,2466.395752|3.000000|0.000000|0.000000|0.000000,3.735319137573242,3.0,2797.416504|3.000000|0.000000|0.000000|0.000000,2203.749756|7.000000|2.000000|0.000000|0.000000,2628.240234|7.000000|2.000000|0.000000|0.000000,7,68223270912.000000,N/A,5
MOGP_GENERATIONAL,1199688e-efc2-11f0-82d9-6e001b3eef54,Toxicity,74,122,2466.395752|3.000000|0.000000|0.000000|0.000000,3.887948989868164,3.0,2797.416504|3.000000|0.000000|0.000000|0.000000,2182.742676|7.000000|1.000000|0.000000|0.000000,2513.285889|7.000000|1.000000|0.000000|0.000000,7,401772576.000000,N/A,5
MOGP_GENERATIONAL,1081ab50-efc2-11f0-951e-6e001b3eef54,Toxicity,74,129,2466.395752|3.000000|0.000000|0.000000|0.000000,3.7068490982055664,3.0,2797.416504|3.000000|0.000000|0.000000|0.000000,2316.852783|7.000000|2.000000|0.000000|0.000000,2499.992920|7.000000|2.000000|0.000000|0.000000,7,24077074432.000000,N/A,5
MOGP_GENERATIONAL,1199688e-efc2-11f0-82d9-6e001b3eef54,Toxicity,74,123,2466.395752|3.000000|0.000000|0.000000|0.000000,3.8555421829223633,3.0,2797.416504|3.000000|0.000000|0.000000|0.000000,2313.958740|7.000000|2.000000|0.000000|0.000000,2649.108887|7.000000|2.000000|0.000000|0.000000,7,50080624640.000000,N/A,5
MOGP_GENERATIONAL,1081ab50-efc2-11f0-951e-6e001b3eef54,Toxicity,74,130,2466.395752|3.000000|0.000000|0.000000|0.000000,3.6362130641937256,3.0,2797.416504|3.000000|0.000000|0.000000|0.000000,2240.584961|7.000000|1.000000|0.000000|0.000000,2643.200684|7.000000|1.000000|0.000000|0.000000,7,24766144512.000000,N/A,5
MOGP_GENERATIONAL,1199688e-efc2-11f0-82d9-6e001b3eef54,Toxicity,74,124,2466.395752|3.000000|0.000000|0.000000|0.000000,3.7377920150756836,3.0,2797.416504|3.000000|0.000000|0.000000|0.000000,2143.325684|7.000000|2.000000|0.000000|0.000000,2547.713135|7.000000|2.000000|0.000000|0.000000,7,62384742400.000000,N/A,5
MOGP_GENERATIONAL,1081ab50-efc2-11f0-951e-6e001b3eef54,Toxicity,74,131,2466.395752|3.000000|0.000000|0.000000|0.000000,3.7251548767089844,3.0,2797.416504|3.000000|0.000000|0.000000|0.000000,2130.319092|7.000000|2.000000|0.000000|0.000000,2419.640625|7.000000|2.000000|0.000000|0.000000,7,55635369984.000000,N/A,5
MOGP_GENERATIONAL,1081ab50-efc2-11f0-951e-6e001b3eef54,Toxicity,74,132,2466.395752|3.000000|0.000000|0.000000|0.000000,3.6149280071258545,3.0,2797.416504|3.000000|0.000000|0.000000|0.000000,1989.644897|7.000000|1.000000|0.000000|0.000000,2291.715576|7.000000|1.000000|0.000000|0.000000,7,16040153088.000000,N/A,5
MOGP_GENERATIONAL,1199688e-efc2-11f0-82d9-6e001b3eef54,Toxicity,74,125,2466.395752|3.000000|0.000000|0.000000|0.000000,3.901854991912842,3.0,2797.416504|3.000000|0.000000|0.000000|0.000000,2029.168457|7.000000|0.000000|0.000000|0.000000,2318.391113|7.000000|0.000000|0.000000|0.000000,7,2428127.250000,N/A,5
MOGP_GENERATIONAL,1081ab50-efc2-11f0-951e-6e001b3eef54,Toxicity,74,133,2466.395752|3.000000|0.000000|0.000000|0.000000,3.6770431995391846,3.0,2797.416504|3.000000|0.000000|0.000000|0.000000,2158.212158|7.000000|2.000000|0.000000|0.000000,2558.914551|7.000000|2.000000|0.000000|0.000000,7,62635872256.000000,N/A,5
MOGP_GENERATIONAL,1199688e-efc2-11f0-82d9-6e001b3eef54,Toxicity,74,126,2466.395752|3.000000|0.000000|0.000000|0.000000,3.959507942199707,3.0,2797.416504|3.000000|0.000000|0.000000|0.000000,2363.036133|7.000000|0.000000|0.000000|0.000000,2690.048584|7.000000|0.000000|0.000000|0.000000,7,51277365248.000000,N/A,5
MOGP_GENERATIONAL,1081ab50-efc2-11f0-951e-6e001b3eef54,Toxicity,74,134,2466.395752|3.000000|0.000000|0.000000|0.000000,3.6221201419830322,3.0,2797.416504|3.000000|0.000000|0.000000|0.000000,2423.857178|7.000000|2.000000|2.000000|0.000000,2883.275635|7.000000|2.000000|2.000000|0.000000,7,61351632896.000000,N/A,5
MOGP_GENERATIONAL,1199688e-efc2-11f0-82d9-6e001b3eef54,Toxicity,74,127,2466.395752|3.000000|0.000000|0.000000|0.000000,3.976407051086426,3.0,2797.416504|3.000000|0.000000|0.000000|0.000000,2356.761230|7.000000|1.000000|0.000000|0.000000,2755.562012|7.000000|1.000000|0.000000|0.000000,7,9809358848.000000,N/A,5
MOGP_GENERATIONAL,1081ab50-efc2-11f0-951e-6e001b3eef54,Toxicity,74,135,2466.395752|3.000000|0.000000|0.000000|0.000000,3.632493734359741,3.0,2797.416504|3.000000|0.000000|0.000000|0.000000,2417.960449|7.000000|2.000000|0.000000|0.000000,2753.174561|7.000000|2.000000|0.000000|0.000000,7,74190520320.000000,N/A,5
MOGP_GENERATIONAL,1199688e-efc2-11f0-82d9-6e001b3eef54,Toxicity,74,128,2466.395752|3.000000|0.000000|0.000000|0.000000,3.8438141345977783,3.0,2797.416504|3.000000|0.000000|0.000000|0.000000,2203.749756|7.000000|2.000000|0.000000|0.000000,2628.240234|7.000000|2.000000|0.000000|0.000000,7,68223270912.000000,N/A,5
MOGP_GENERATIONAL,1081ab50-efc2-11f0-951e-6e001b3eef54,Toxicity,74,136,2466.395752|3.000000|0.000000|0.000000|0.000000,3.6148111820220947,3.0,2797.416504|3.000000|0.000000|0.000000|0.000000,2185.950195|7.000000|1.000000|0.000000|0.000000,2516.088867|7.000000|1.000000|0.000000|0.000000,7,782994496.000000,N/A,5
MOGP_GENERATIONAL,1199688e-efc2-11f0-82d9-6e001b3eef54,Toxicity,74,129,2466.395752|3.000000|0.000000|0.000000|0.000000,3.8011910915374756,3.0,2797.416504|3.000000|0.000000|0.000000|0.000000,2316.852783|7.000000|2.000000|0.000000|0.000000,2499.992920|7.000000|2.000000|0.000000|0.000000,7,24077074432.000000,N/A,5
MOGP_GENERATIONAL,1081ab50-efc2-11f0-951e-6e001b3eef54,Toxicity,74,137,2466.395752|3.000000|0.000000|0.000000|0.000000,3.7391231060028076,3.0,2797.416504|3.000000|0.000000|0.000000|0.000000,2043.775024|7.000000|2.000000|0.000000|0.000000,2331.607910|7.000000|2.000000|0.000000|0.000000,7,51843768320.000000,N/A,5
MOGP_GENERATIONAL,1199688e-efc2-11f0-82d9-6e001b3eef54,Toxicity,74,130,2466.395752|3.000000|0.000000|0.000000|0.000000,3.8068690299987793,3.0,2797.416504|3.000000|0.000000|0.000000|0.000000,2240.584961|7.000000|1.000000|0.000000|0.000000,2643.200684|7.000000|1.000000|0.000000|0.000000,7,24766144512.000000,N/A,5
MOGP_GENERATIONAL,1081ab50-efc2-11f0-951e-6e001b3eef54,Toxicity,74,138,2466.395752|3.000000|0.000000|0.000000|0.000000,3.6991190910339355,3.0,2797.416504|3.000000|0.000000|0.000000|0.000000,2223.133545|7.000000|2.000000|0.000000|0.000000,2723.251465|7.000000|2.000000|0.000000|0.000000,7,49937465344.000000,N/A,5
MOGP_GENERATIONAL,1199688e-efc2-11f0-82d9-6e001b3eef54,Toxicity,74,131,2466.395752|3.000000|0.000000|0.000000|0.000000,3.9122889041900635,3.0,2797.416504|3.000000|0.000000|0.000000|0.000000,2130.319092|7.000000|2.000000|0.000000|0.000000,2419.640625|7.000000|2.000000|0.000000|0.000000,7,55635369984.000000,N/A,5
MOGP_GENERATIONAL,1081ab50-efc2-11f0-951e-6e001b3eef54,Toxicity,74,139,2466.395752|3.000000|0.000000|0.000000|0.000000,3.880988121032715,3.0,2797.416504|3.000000|0.000000|0.000000|0.000000,2316.050049|7.000000|2.000000|2.000000|0.000000,2734.489258|7.000000|2.000000|2.000000|0.000000,7,83809312768.000000,N/A,5
MOGP_GENERATIONAL,1199688e-efc2-11f0-82d9-6e001b3eef54,Toxicity,74,132,2466.395752|3.000000|0.000000|0.000000|0.000000,3.818067789077759,3.0,2797.416504|3.000000|0.000000|0.000000|0.000000,1989.644897|7.000000|1.000000|0.000000|0.000000,2291.715576|7.000000|1.000000|0.000000|0.000000,7,16040153088.000000,N/A,5
MOGP_GENERATIONAL,1081ab50-efc2-11f0-951e-6e001b3eef54,Toxicity,74,140,2466.395752|3.000000|0.000000|0.000000|0.000000,3.5376079082489014,3.0,2797.416504|3.000000|0.000000|0.000000|0.000000,2303.621094|7.000000|2.000000|0.000000|0.000000,2727.827637|7.000000|2.000000|0.000000|0.000000,7,55350091776.000000,N/A,5
MOGP_GENERATIONAL,1199688e-efc2-11f0-82d9-6e001b3eef54,Toxicity,74,133,2466.395752|3.000000|0.000000|0.000000|0.000000,3.8610188961029053,3.0,2797.416504|3.000000|0.000000|0.000000|0.000000,2158.212158|7.000000|2.000000|0.000000|0.000000,2558.914551|7.000000|2.000000|0.000000|0.000000,7,62635872256.000000,N/A,5
MOGP_GENERATIONAL,1081ab50-efc2-11f0-951e-6e001b3eef54,Toxicity,74,141,2466.395752|3.000000|0.000000|0.000000|0.000000,3.567586898803711,3.0,2797.416504|3.000000|0.000000|0.000000|0.000000,2107.594482|7.000000|0.000000|0.000000|0.000000,2234.082275|7.000000|0.000000|0.000000|0.000000,7,77911801856.000000,N/A,5
MOGP_GENERATIONAL,1199688e-efc2-11f0-82d9-6e001b3eef54,Toxicity,74,134,2466.395752|3.000000|0.000000|0.000000|0.000000,3.788801908493042,3.0,2797.416504|3.000000|0.000000|0.000000|0.000000,2423.857178|7.000000|2.000000|2.000000|0.000000,2883.275635|7.000000|2.000000|2.000000|0.000000,7,61351632896.000000,N/A,5
MOGP_GENERATIONAL,1081ab50-efc2-11f0-951e-6e001b3eef54,Toxicity,74,142,2466.395752|3.000000|0.000000|0.000000|0.000000,3.8077659606933594,3.0,2797.416504|3.000000|0.000000|0.000000|0.000000,2202.994629|7.000000|2.000000|0.000000|0.000000,2567.882568|7.000000|2.000000|0.000000|0.000000,7,107101052928.000000,N/A,5
MOGP_GENERATIONAL,1199688e-efc2-11f0-82d9-6e001b3eef54,Toxicity,74,135,2466.395752|3.000000|0.000000|0.000000|0.000000,3.796574115753174,3.0,2797.416504|3.000000|0.000000|0.000000|0.000000,2417.960449|7.000000|2.000000|0.000000|0.000000,2753.174561|7.000000|2.000000|0.000000|0.000000,7,74190520320.000000,N/A,5
MOGP_GENERATIONAL,1081ab50-efc2-11f0-951e-6e001b3eef54,Toxicity,74,143,2466.395752|3.000000|0.000000|0.000000|0.000000,3.5593180656433105,3.0,2797.416504|3.000000|0.000000|0.000000|0.000000,2189.308350|7.000000|2.000000|0.000000|0.000000,2631.745361|7.000000|2.000000|0.000000|0.000000,7,33486432256.000000,N/A,5
MOGP_GENERATIONAL,1199688e-efc2-11f0-82d9-6e001b3eef54,Toxicity,74,136,2466.395752|3.000000|0.000000|0.000000|0.000000,3.7508537769317627,3.0,2797.416504|3.000000|0.000000|0.000000|0.000000,2185.950195|7.000000|1.000000|0.000000|0.000000,2516.088867|7.000000|1.000000|0.000000|0.000000,7,782994496.000000,N/A,5
MOGP_GENERATIONAL,1081ab50-efc2-11f0-951e-6e001b3eef54,Toxicity,74,144,2466.395752|3.000000|0.000000|0.000000|0.000000,3.5435006618499756,3.0,2797.416504|3.000000|0.000000|0.000000|0.000000,2066.454590|7.000000|1.000000|0.000000|0.000000,2274.669922|7.000000|1.000000|0.000000|0.000000,7,49937346560.000000,N/A,5
MOGP_GENERATIONAL,1199688e-efc2-11f0-82d9-6e001b3eef54,Toxicity,74,137,2466.395752|3.000000|0.000000|0.000000|0.000000,3.954869031906128,3.0,2797.416504|3.000000|0.000000|0.000000|0.000000,2043.775024|7.000000|2.000000|0.000000|0.000000,2331.607910|7.000000|2.000000|0.000000|0.000000,7,51843768320.000000,N/A,5
MOGP_GENERATIONAL,1081ab50-efc2-11f0-951e-6e001b3eef54,Toxicity,74,145,2466.395752|3.000000|0.000000|0.000000|0.000000,3.6685779094696045,3.0,2797.416504|3.000000|0.000000|0.000000|0.000000,2135.224609|7.000000|2.000000|0.000000|0.000000,2631.053711|7.000000|2.000000|0.000000|0.000000,7,69197709312.000000,N/A,5
MOGP_GENERATIONAL,1199688e-efc2-11f0-82d9-6e001b3eef54,Toxicity,74,138,2466.395752|3.000000|0.000000|0.000000|0.000000,3.7457821369171143,3.0,2797.416504|3.000000|0.000000|0.000000|0.000000,2223.133545|7.000000|2.000000|0.000000|0.000000,2723.251465|7.000000|2.000000|0.000000|0.000000,7,49937465344.000000,N/A,5
MOGP_GENERATIONAL,1081ab50-efc2-11f0-951e-6e001b3eef54,Toxicity,74,146,2466.395752|3.000000|0.000000|0.000000|0.000000,3.6691231727600098,3.0,2797.416504|3.000000|0.000000|0.000000|0.000000,2391.536865|7.000000|2.000000|0.000000|0.000000,2725.904785|7.000000|2.000000|0.000000|0.000000,7,435430.031250,N/A,5
MOGP_GENERATIONAL,1199688e-efc2-11f0-82d9-6e001b3eef54,Toxicity,74,139,2466.395752|3.000000|0.000000|0.000000|0.000000,4.404524803161621,3.0,2797.416504|3.000000|0.000000|0.000000|0.000000,2316.050049|7.000000|2.000000|2.000000|0.000000,2734.489258|7.000000|2.000000|2.000000|0.000000,7,83809312768.000000,N/A,5
MOGP_GENERATIONAL,1081ab50-efc2-11f0-951e-6e001b3eef54,Toxicity,74,147,2466.395752|3.000000|0.000000|0.000000|0.000000,3.8238120079040527,3.0,2797.416504|3.000000|0.000000|0.000000|0.000000,2196.767090|7.000000|2.000000|0.000000|0.000000,2626.220459|7.000000|2.000000|0.000000|0.000000,7,63460806656.000000,N/A,5
MOGP_GENERATIONAL,1199688e-efc2-11f0-82d9-6e001b3eef54,Toxicity,74,140,2466.395752|3.000000|0.000000|0.000000|0.000000,3.852947235107422,3.0,2797.416504|3.000000|0.000000|0.000000|0.000000,2303.621094|7.000000|2.000000|0.000000|0.000000,2727.827637|7.000000|2.000000|0.000000|0.000000,7,55350091776.000000,N/A,5
MOGP_GENERATIONAL,1081ab50-efc2-11f0-951e-6e001b3eef54,Toxicity,74,148,2466.395752|3.000000|0.000000|0.000000|0.000000,3.8861472606658936,3.0,2797.416504|3.000000|0.000000|0.000000|0.000000,1996.192505|7.000000|2.000000|0.000000|0.000000,2300.143066|7.000000|2.000000|0.000000|0.000000,7,82147794944.000000,N/A,5
MOGP_GENERATIONAL,1081ab50-efc2-11f0-951e-6e001b3eef54,Toxicity,74,149,2466.395752|3.000000|0.000000|0.000000|0.000000,3.7199959754943848,3.0,2797.416504|3.000000|0.000000|0.000000|0.000000,2237.612793|7.000000|2.000000|0.000000|0.000000,2565.959717|7.000000|2.000000|0.000000|0.000000,7,74174939136.000000,N/A,5
MOGP_GENERATIONAL,1199688e-efc2-11f0-82d9-6e001b3eef54,Toxicity,74,141,2466.395752|3.000000|0.000000|0.000000|0.000000,3.9570069313049316,3.0,2797.416504|3.000000|0.000000|0.000000|0.000000,2107.594482|7.000000|0.000000|0.000000|0.000000,2234.082275|7.000000|0.000000|0.000000|0.000000,7,77911801856.000000,N/A,5
MOGP_GENERATIONAL,1081ab50-efc2-11f0-951e-6e001b3eef54,Toxicity,74,150,2466.395752|3.000000|0.000000|0.000000|0.000000,3.470231056213379,3.0,2797.416504|3.000000|0.000000|0.000000|0.000000,2228.502930|7.000000|1.000000|0.000000|0.000000,2639.028564|7.000000|1.000000|0.000000|0.000000,7,14102758400.000000,N/A,5
MOGP_GENERATIONAL,1199688e-efc2-11f0-82d9-6e001b3eef54,Toxicity,74,142,2466.395752|3.000000|0.000000|0.000000|0.000000,3.880429744720459,3.0,2797.416504|3.000000|0.000000|0.000000|0.000000,2202.994629|7.000000|2.000000|0.000000|0.000000,2567.882568|7.000000|2.000000|0.000000|0.000000,7,107101052928.000000,N/A,5
MOGP_GENERATIONAL,1081ab50-efc2-11f0-951e-6e001b3eef54,Toxicity,74,151,2466.395752|3.000000|0.000000|0.000000|0.000000,3.7812390327453613,3.0,2797.416504|3.000000|0.000000|0.000000|0.000000,2392.204590|7.000000|2.000000|0.000000|0.000000,2728.083008|7.000000|2.000000|0.000000|0.000000,7,47495327744.000000,N/A,5
MOGP_GENERATIONAL,1199688e-efc2-11f0-82d9-6e001b3eef54,Toxicity,74,143,2466.395752|3.000000|0.000000|0.000000|0.000000,3.768021821975708,3.0,2797.416504|3.000000|0.000000|0.000000|0.000000,2189.308350|7.000000|2.000000|0.000000|0.000000,2631.745361|7.000000|2.000000|0.000000|0.000000,7,33486432256.000000,N/A,5
MOGP_GENERATIONAL,1081ab50-efc2-11f0-951e-6e001b3eef54,Toxicity,74,152,2466.395752|3.000000|0.000000|0.000000|0.000000,3.7047979831695557,3.0,2797.416504|3.000000|0.000000|0.000000|0.000000,2049.250488|7.000000|2.000000|0.000000|0.000000,2333.004150|7.000000|2.000000|0.000000|0.000000,7,53864996864.000000,N/A,5
MOGP_GENERATIONAL,1199688e-efc2-11f0-82d9-6e001b3eef54,Toxicity,74,144,2466.395752|3.000000|0.000000|0.000000|0.000000,3.764617919921875,3.0,2797.416504|3.000000|0.000000|0.000000|0.000000,2066.454590|7.000000|1.000000|0.000000|0.000000,2274.669922|7.000000|1.000000|0.000000|0.000000,7,49937346560.000000,N/A,5
MOGP_GENERATIONAL,1081ab50-efc2-11f0-951e-6e001b3eef54,Toxicity,74,153,2466.395752|3.000000|0.000000|0.000000|0.000000,3.453413963317871,3.0,2797.416504|3.000000|0.000000|0.000000|0.000000,2424.864746|7.000000|2.000000|0.000000|0.000000,2766.438477|7.000000|2.000000|0.000000|0.000000,7,33073670144.000000,N/A,5
MOGP_GENERATIONAL,1199688e-efc2-11f0-82d9-6e001b3eef54,Toxicity,74,145,2466.395752|3.000000|0.000000|0.000000|0.000000,3.846909999847412,3.0,2797.416504|3.000000|0.000000|0.000000|0.000000,2135.224609|7.000000|2.000000|0.000000|0.000000,2631.053711|7.000000|2.000000|0.000000|0.000000,7,69197709312.000000,N/A,5
MOGP_GENERATIONAL,1081ab50-efc2-11f0-951e-6e001b3eef54,Toxicity,74,154,2466.395752|3.000000|0.000000|0.000000|0.000000,3.618704080581665,3.0,2797.416504|3.000000|0.000000|0.000000|0.000000,2211.670410|7.000000|1.000000|0.000000|0.000000,2663.338135|7.000000|1.000000|0.000000|0.000000,7,90980106240.000000,N/A,5
MOGP_GENERATIONAL,1199688e-efc2-11f0-82d9-6e001b3eef54,Toxicity,74,146,2466.395752|3.000000|0.000000|0.000000|0.000000,3.869546890258789,3.0,2797.416504|3.000000|0.000000|0.000000|0.000000,2391.536865|7.000000|2.000000|0.000000|0.000000,2725.904785|7.000000|2.000000|0.000000|0.000000,7,435430.031250,N/A,5
MOGP_GENERATIONAL,1081ab50-efc2-11f0-951e-6e001b3eef54,Toxicity,74,155,2466.395752|3.000000|0.000000|0.000000|0.000000,3.546273946762085,3.0,2797.416504|3.000000|0.000000|0.000000|0.000000,2017.747681|7.000000|2.000000|0.000000|0.000000,2345.498291|7.000000|2.000000|0.000000|0.000000,7,59929350144.000000,N/A,5
MOGP_GENERATIONAL,1199688e-efc2-11f0-82d9-6e001b3eef54,Toxicity,74,147,2466.395752|3.000000|0.000000|0.000000|0.000000,3.8947560787200928,3.0,2797.416504|3.000000|0.000000|0.000000|0.000000,2196.767090|7.000000|2.000000|0.000000|0.000000,2626.220459|7.000000|2.000000|0.000000|0.000000,7,63460806656.000000,N/A,5
MOGP_GENERATIONAL,1081ab50-efc2-11f0-951e-6e001b3eef54,Toxicity,74,156,2466.395752|3.000000|0.000000|0.000000|0.000000,3.629312038421631,3.0,2797.416504|3.000000|0.000000|0.000000|0.000000,2066.454590|7.000000|1.000000|0.000000|0.000000,2274.669922|7.000000|1.000000|0.000000|0.000000,7,49943699456.000000,N/A,5
MOGP_GENERATIONAL,1199688e-efc2-11f0-82d9-6e001b3eef54,Toxicity,74,148,2466.395752|3.000000|0.000000|0.000000|0.000000,3.821559190750122,3.0,2797.416504|3.000000|0.000000|0.000000|0.000000,1996.192505|7.000000|2.000000|0.000000|0.000000,2300.143066|7.000000|2.000000|0.000000|0.000000,7,82147794944.000000,N/A,5
MOGP_GENERATIONAL,1081ab50-efc2-11f0-951e-6e001b3eef54,Toxicity,74,157,2466.395752|3.000000|0.000000|0.000000|0.000000,3.5542378425598145,3.0,2797.416504|3.000000|0.000000|0.000000|0.000000,2381.524902|7.000000|2.000000|0.000000|0.000000,2722.871094|7.000000|2.000000|0.000000|0.000000,7,58391924736.000000,N/A,5
MOGP_GENERATIONAL,1199688e-efc2-11f0-82d9-6e001b3eef54,Toxicity,74,149,2466.395752|3.000000|0.000000|0.000000|0.000000,3.7113711833953857,3.0,2797.416504|3.000000|0.000000|0.000000|0.000000,2237.612793|7.000000|2.000000|0.000000|0.000000,2565.959717|7.000000|2.000000|0.000000|0.000000,7,74174939136.000000,N/A,5
MOGP_GENERATIONAL,1081ab50-efc2-11f0-951e-6e001b3eef54,Toxicity,74,158,2466.395752|3.000000|0.000000|0.000000|0.000000,3.4333159923553467,3.0,2797.416504|3.000000|0.000000|0.000000|0.000000,2140.282227|7.000000|1.000000|0.000000|0.000000,2502.476074|7.000000|1.000000|0.000000|0.000000,7,98686812160.000000,N/A,5
MOGP_GENERATIONAL,1199688e-efc2-11f0-82d9-6e001b3eef54,Toxicity,74,150,2466.395752|3.000000|0.000000|0.000000|0.000000,3.7263078689575195,3.0,2797.416504|3.000000|0.000000|0.000000|0.000000,2228.502930|7.000000|1.000000|0.000000|0.000000,2639.028564|7.000000|1.000000|0.000000|0.000000,7,14102758400.000000,N/A,5
MOGP_GENERATIONAL,1081ab50-efc2-11f0-951e-6e001b3eef54,Toxicity,74,159,2466.395752|3.000000|0.000000|0.000000|0.000000,3.756359815597534,3.0,2797.416504|3.000000|0.000000|0.000000|0.000000,1973.803711|7.000000|1.000000|0.000000|0.000000,2263.442383|7.000000|1.000000|0.000000|0.000000,7,691198528.000000,N/A,5
MOGP_GENERATIONAL,1199688e-efc2-11f0-82d9-6e001b3eef54,Toxicity,74,151,2466.395752|3.000000|0.000000|0.000000|0.000000,3.9674129486083984,3.0,2797.416504|3.000000|0.000000|0.000000|0.000000,2392.204590|7.000000|2.000000|0.000000|0.000000,2728.083008|7.000000|2.000000|0.000000|0.000000,7,47495327744.000000,N/A,5
MOGP_GENERATIONAL,1081ab50-efc2-11f0-951e-6e001b3eef54,Toxicity,74,160,2466.395752|3.000000|0.000000|0.000000|0.000000,3.4955573081970215,3.0,2797.416504|3.000000|0.000000|0.000000|0.000000,2068.271729|7.000000|2.000000|0.000000|0.000000,2392.667236|7.000000|2.000000|0.000000|0.000000,7,15991389184.000000,N/A,5
MOGP_GENERATIONAL,1199688e-efc2-11f0-82d9-6e001b3eef54,Toxicity,74,152,2466.395752|3.000000|0.000000|0.000000|0.000000,3.99202299118042,3.0,2797.416504|3.000000|0.000000|0.000000|0.000000,2049.250488|7.000000|2.000000|0.000000|0.000000,2333.004150|7.000000|2.000000|0.000000|0.000000,7,53864996864.000000,N/A,5
MOGP_GENERATIONAL,1081ab50-efc2-11f0-951e-6e001b3eef54,Toxicity,74,161,2466.395752|3.000000|0.000000|0.000000|0.000000,3.4234302043914795,3.0,2797.416504|3.000000|0.000000|0.000000|0.000000,2240.733643|7.000000|2.000000|0.000000|0.000000,2577.000000|7.000000|2.000000|0.000000|0.000000,7,3985768.000000,N/A,5
MOGP_GENERATIONAL,1199688e-efc2-11f0-82d9-6e001b3eef54,Toxicity,74,153,2466.395752|3.000000|0.000000|0.000000|0.000000,3.7428908348083496,3.0,2797.416504|3.000000|0.000000|0.000000|0.000000,2424.864746|7.000000|2.000000|0.000000|0.000000,2766.438477|7.000000|2.000000|0.000000|0.000000,7,33073670144.000000,N/A,5
MOGP_GENERATIONAL,1081ab50-efc2-11f0-951e-6e001b3eef54,Toxicity,74,162,2466.395752|3.000000|0.000000|0.000000|0.000000,3.5211801528930664,3.0,2797.416504|3.000000|0.000000|0.000000|0.000000,2040.898804|7.000000|2.000000|0.000000|0.000000,2324.585205|7.000000|2.000000|0.000000|0.000000,7,96593993728.000000,N/A,5
MOGP_GENERATIONAL,1199688e-efc2-11f0-82d9-6e001b3eef54,Toxicity,74,154,2466.395752|3.000000|0.000000|0.000000|0.000000,3.798021078109741,3.0,2797.416504|3.000000|0.000000|0.000000|0.000000,2211.670410|7.000000|1.000000|0.000000|0.000000,2663.338135|7.000000|1.000000|0.000000|0.000000,7,90980106240.000000,N/A,5
MOGP_GENERATIONAL,1081ab50-efc2-11f0-951e-6e001b3eef54,Toxicity,74,163,2466.395752|3.000000|0.000000|0.000000|0.000000,3.4209470748901367,3.0,2797.416504|3.000000|0.000000|0.000000|0.000000,2247.375732|7.000000|2.000000|2.000000|0.000000,2580.846924|7.000000|2.000000|2.000000|0.000000,7,68041564160.000000,N/A,5
MOGP_GENERATIONAL,1199688e-efc2-11f0-82d9-6e001b3eef54,Toxicity,74,155,2466.395752|3.000000|0.000000|0.000000|0.000000,3.733610153198242,3.0,2797.416504|3.000000|0.000000|0.000000|0.000000,2017.747681|7.000000|2.000000|0.000000|0.000000,2345.498291|7.000000|2.000000|0.000000|0.000000,7,59929350144.000000,N/A,5
MOGP_GENERATIONAL,1081ab50-efc2-11f0-951e-6e001b3eef54,Toxicity,74,164,2466.395752|3.000000|0.000000|0.000000|0.000000,3.612090826034546,3.0,2797.416504|3.000000|0.000000|0.000000|0.000000,2069.560547|7.000000|2.000000|0.000000|0.000000,2350.787109|7.000000|2.000000|0.000000|0.000000,7,57073160192.000000,N/A,5
MOGP_GENERATIONAL,1081ab50-efc2-11f0-951e-6e001b3eef54,Toxicity,74,165,2466.395752|3.000000|0.000000|0.000000|0.000000,3.3266780376434326,3.0,2797.416504|3.000000|0.000000|0.000000|0.000000,2153.084961|7.000000|2.000000|0.000000|0.000000,116856.992188|7.000000|2.000000|0.000000|0.000000,7,69621702656.000000,N/A,5
MOGP_GENERATIONAL,1199688e-efc2-11f0-82d9-6e001b3eef54,Toxicity,74,156,2466.395752|3.000000|0.000000|0.000000|0.000000,3.80787992477417,3.0,2797.416504|3.000000|0.000000|0.000000|0.000000,2066.454590|7.000000|1.000000|0.000000|0.000000,2274.669922|7.000000|1.000000|0.000000|0.000000,7,49943699456.000000,N/A,5
MOGP_GENERATIONAL,1081ab50-efc2-11f0-951e-6e001b3eef54,Toxicity,74,166,2466.395752|3.000000|0.000000|0.000000|0.000000,3.5070419311523438,3.0,2797.416504|3.000000|0.000000|0.000000|0.000000,2218.853271|7.000000|1.000000|0.000000|0.000000,2577.754639|7.000000|1.000000|0.000000|0.000000,7,11791862784.000000,N/A,5
MOGP_GENERATIONAL,1199688e-efc2-11f0-82d9-6e001b3eef54,Toxicity,74,157,2466.395752|3.000000|0.000000|0.000000|0.000000,3.7805850505828857,3.0,2797.416504|3.000000|0.000000|0.000000|0.000000,2381.524902|7.000000|2.000000|0.000000|0.000000,2722.871094|7.000000|2.000000|0.000000|0.000000,7,58391924736.000000,N/A,5
MOGP_GENERATIONAL,1081ab50-efc2-11f0-951e-6e001b3eef54,Toxicity,74,167,2466.395752|3.000000|0.000000|0.000000|0.000000,3.6176459789276123,3.0,2797.416504|3.000000|0.000000|0.000000|0.000000,2265.541260|7.000000|2.000000|0.000000|0.000000,2601.864502|7.000000|2.000000|0.000000|0.000000,7,45469360128.000000,N/A,5
MOGP_GENERATIONAL,1199688e-efc2-11f0-82d9-6e001b3eef54,Toxicity,74,158,2466.395752|3.000000|0.000000|0.000000|0.000000,3.658384323120117,3.0,2797.416504|3.000000|0.000000|0.000000|0.000000,2140.282227|7.000000|1.000000|0.000000|0.000000,2502.476074|7.000000|1.000000|0.000000|0.000000,7,98686812160.000000,N/A,5
MOGP_GENERATIONAL,1081ab50-efc2-11f0-951e-6e001b3eef54,Toxicity,74,168,2466.395752|3.000000|0.000000|0.000000|0.000000,3.726508140563965,3.0,2797.416504|3.000000|0.000000|0.000000|0.000000,2263.863281|7.000000|2.000000|0.000000|0.000000,2597.808105|7.000000|2.000000|0.000000|0.000000,7,84927815680.000000,N/A,5
MOGP_GENERATIONAL,1199688e-efc2-11f0-82d9-6e001b3eef54,Toxicity,74,159,2466.395752|3.000000|0.000000|0.000000|0.000000,3.8067710399627686,3.0,2797.416504|3.000000|0.000000|0.000000|0.000000,1973.803711|7.000000|1.000000|0.000000|0.000000,2263.442383|7.000000|1.000000|0.000000|0.000000,7,691198528.000000,N/A,5
MOGP_GENERATIONAL,1081ab50-efc2-11f0-951e-6e001b3eef54,Toxicity,74,169,2466.395752|3.000000|0.000000|0.000000|0.000000,3.400313138961792,3.0,2797.416504|3.000000|0.000000|0.000000|0.000000,2217.213867|7.000000|2.000000|0.000000|0.000000,2647.208984|7.000000|2.000000|0.000000|0.000000,7,17888768000.000000,N/A,5
MOGP_GENERATIONAL,1199688e-efc2-11f0-82d9-6e001b3eef54,Toxicity,74,160,2466.395752|3.000000|0.000000|0.000000|0.000000,3.5757339000701904,3.0,2797.416504|3.000000|0.000000|0.000000|0.000000,2068.271729|7.000000|2.000000|0.000000|0.000000,2392.667236|7.000000|2.000000|0.000000|0.000000,7,15991389184.000000,N/A,5
MOGP_GENERATIONAL,1081ab50-efc2-11f0-951e-6e001b3eef54,Toxicity,74,170,2466.395752|3.000000|0.000000|0.000000|0.000000,3.478856086730957,3.0,2797.416504|3.000000|0.000000|0.000000|0.000000,2340.790771|7.000000|2.000000|0.000000|0.000000,2720.837646|7.000000|2.000000|0.000000|0.000000,7,45798961152.000000,N/A,5
MOGP_GENERATIONAL,1199688e-efc2-11f0-82d9-6e001b3eef54,Toxicity,74,161,2466.395752|3.000000|0.000000|0.000000|0.000000,3.6885581016540527,3.0,2797.416504|3.000000|0.000000|0.000000|0.000000,2240.733643|7.000000|2.000000|0.000000|0.000000,2577.000000|7.000000|2.000000|0.000000|0.000000,7,3985768.000000,N/A,5
MOGP_GENERATIONAL,1081ab50-efc2-11f0-951e-6e001b3eef54,Toxicity,74,171,2466.395752|3.000000|0.000000|0.000000|0.000000,3.700779914855957,3.0,2797.416504|3.000000|0.000000|0.000000|0.000000,2028.205078|7.000000|1.000000|0.000000|0.000000,2342.873291|7.000000|1.000000|0.000000|0.000000,7,70906404864.000000,N/A,5
MOGP_GENERATIONAL,1199688e-efc2-11f0-82d9-6e001b3eef54,Toxicity,74,162,2466.395752|3.000000|0.000000|0.000000|0.000000,3.804673910140991,3.0,2797.416504|3.000000|0.000000|0.000000|0.000000,2040.898804|7.000000|2.000000|0.000000|0.000000,2324.585205|7.000000|2.000000|0.000000|0.000000,7,96593993728.000000,N/A,5
MOGP_GENERATIONAL,1081ab50-efc2-11f0-951e-6e001b3eef54,Toxicity,74,172,2466.395752|3.000000|0.000000|0.000000|0.000000,3.5765130519866943,3.0,2797.416504|3.000000|0.000000|0.000000|0.000000,2193.228027|7.000000|2.000000|0.000000|0.000000,2634.961426|7.000000|2.000000|0.000000|0.000000,7,65331941376.000000,N/A,5
MOGP_GENERATIONAL,1199688e-efc2-11f0-82d9-6e001b3eef54,Toxicity,74,163,2466.395752|3.000000|0.000000|0.000000|0.000000,3.717845916748047,3.0,2797.416504|3.000000|0.000000|0.000000|0.000000,2247.375732|7.000000|2.000000|2.000000|0.000000,2580.846924|7.000000|2.000000|2.000000|0.000000,7,68041564160.000000,N/A,5
MOGP_GENERATIONAL,1081ab50-efc2-11f0-951e-6e001b3eef54,Toxicity,74,173,2466.395752|3.000000|0.000000|0.000000|0.000000,3.456415891647339,3.0,2797.416504|3.000000|0.000000|0.000000|0.000000,2083.187256|7.000000|1.000000|0.000000|0.000000,2456.677002|7.000000|1.000000|0.000000|0.000000,7,29712324608.000000,N/A,5
MOGP_GENERATIONAL,1199688e-efc2-11f0-82d9-6e001b3eef54,Toxicity,74,164,2466.395752|3.000000|0.000000|0.000000|0.000000,3.8190650939941406,3.0,2797.416504|3.000000|0.000000|0.000000|0.000000,2069.560547|7.000000|2.000000|0.000000|0.000000,2350.787109|7.000000|2.000000|0.000000|0.000000,7,57073160192.000000,N/A,5
MOGP_GENERATIONAL,1081ab50-efc2-11f0-951e-6e001b3eef54,Toxicity,74,174,2466.395752|3.000000|0.000000|0.000000|0.000000,3.652022123336792,3.0,2797.416504|3.000000|0.000000|0.000000|0.000000,1983.708496|7.000000|1.000000|0.000000|0.000000,2338.162842|7.000000|1.000000|0.000000|0.000000,7,55073312768.000000,N/A,5
MOGP_GENERATIONAL,1199688e-efc2-11f0-82d9-6e001b3eef54,Toxicity,74,165,2466.395752|3.000000|0.000000|0.000000|0.000000,3.5297460556030273,3.0,2797.416504|3.000000|0.000000|0.000000|0.000000,2153.084961|7.000000|2.000000|0.000000|0.000000,116856.992188|7.000000|2.000000|0.000000|0.000000,7,69621702656.000000,N/A,5
MOGP_GENERATIONAL,1081ab50-efc2-11f0-951e-6e001b3eef54,Toxicity,74,175,2466.395752|3.000000|0.000000|0.000000|0.000000,3.4834859371185303,3.0,2797.416504|3.000000|0.000000|0.000000|0.000000,2205.134521|7.000000|2.000000|0.000000|0.000000,2635.107178|7.000000|2.000000|0.000000|0.000000,7,61122035712.000000,N/A,5
MOGP_GENERATIONAL,1199688e-efc2-11f0-82d9-6e001b3eef54,Toxicity,74,166,2466.395752|3.000000|0.000000|0.000000|0.000000,3.701475143432617,3.0,2797.416504|3.000000|0.000000|0.000000|0.000000,2218.853271|7.000000|1.000000|0.000000|0.000000,2577.754639|7.000000|1.000000|0.000000|0.000000,7,11791862784.000000,N/A,5
MOGP_GENERATIONAL,1081ab50-efc2-11f0-951e-6e001b3eef54,Toxicity,74,176,2466.395752|3.000000|0.000000|0.000000|0.000000,3.49224591255188,3.0,2797.416504|3.000000|0.000000|0.000000|0.000000,2227.214844|7.000000|2.000000|2.000000|0.000000,2565.277588|7.000000|2.000000|2.000000|0.000000,7,65443565568.000000,N/A,5
MOGP_GENERATIONAL,1199688e-efc2-11f0-82d9-6e001b3eef54,Toxicity,74,167,2466.395752|3.000000|0.000000|0.000000|0.000000,3.79223895072937,3.0,2797.416504|3.000000|0.000000|0.000000|0.000000,2265.541260|7.000000|2.000000|0.000000|0.000000,2601.864502|7.000000|2.000000|0.000000|0.000000,7,45469360128.000000,N/A,5
MOGP_GENERATIONAL,1081ab50-efc2-11f0-951e-6e001b3eef54,Toxicity,74,177,2466.395752|3.000000|0.000000|0.000000|0.000000,3.610121011734009,3.0,2797.416504|3.000000|0.000000|0.000000|0.000000,2340.154297|7.000000|2.000000|0.000000|0.000000,2707.927002|7.000000|2.000000|0.000000|0.000000,7,43564486656.000000,N/A,5
MOGP_GENERATIONAL,1199688e-efc2-11f0-82d9-6e001b3eef54,Toxicity,74,168,2466.395752|3.000000|0.000000|0.000000|0.000000,3.9568798542022705,3.0,2797.416504|3.000000|0.000000|0.000000|0.000000,2263.863281|7.000000|2.000000|0.000000|0.000000,2597.808105|7.000000|2.000000|0.000000|0.000000,7,84927815680.000000,N/A,5
MOGP_GENERATIONAL,1081ab50-efc2-11f0-951e-6e001b3eef54,Toxicity,74,178,2466.395752|3.000000|0.000000|0.000000|0.000000,3.671322822570801,3.0,2797.416504|3.000000|0.000000|0.000000|0.000000,2231.172119|7.000000|2.000000|0.000000|0.000000,2565.120850|7.000000|2.000000|0.000000|0.000000,7,74476249088.000000,N/A,5
MOGP_GENERATIONAL,1199688e-efc2-11f0-82d9-6e001b3eef54,Toxicity,74,169,2466.395752|3.000000|0.000000|0.000000|0.000000,3.8343958854675293,3.0,2797.416504|3.000000|0.000000|0.000000|0.000000,2217.213867|7.000000|2.000000|0.000000|0.000000,2647.208984|7.000000|2.000000|0.000000|0.000000,7,17888768000.000000,N/A,5
MOGP_GENERATIONAL,1081ab50-efc2-11f0-951e-6e001b3eef54,Toxicity,74,179,2466.395752|3.000000|0.000000|0.000000|0.000000,3.730254650115967,3.0,2797.416504|3.000000|0.000000|0.000000|0.000000,2177.187744|7.000000|2.000000|0.000000|0.000000,2506.547119|7.000000|2.000000|0.000000|0.000000,7,394244480.000000,N/A,5
MOGP_GENERATIONAL,1199688e-efc2-11f0-82d9-6e001b3eef54,Toxicity,74,170,2466.395752|3.000000|0.000000|0.000000|0.000000,3.9129931926727295,3.0,2797.416504|3.000000|0.000000|0.000000|0.000000,2340.790771|7.000000|2.000000|0.000000|0.000000,2720.837646|7.000000|2.000000|0.000000|0.000000,7,45798961152.000000,N/A,5
MOGP_GENERATIONAL,1081ab50-efc2-11f0-951e-6e001b3eef54,Toxicity,74,180,2466.395752|3.000000|0.000000|0.000000|0.000000,3.702528953552246,3.0,2797.416504|3.000000|0.000000|0.000000|0.000000,2353.781982|7.000000|2.000000|0.000000|0.000000,2720.113770|7.000000|2.000000|0.000000|0.000000,7,22445131776.000000,N/A,5
MOGP_GENERATIONAL,1199688e-efc2-11f0-82d9-6e001b3eef54,Toxicity,74,171,2466.395752|3.000000|0.000000|0.000000|0.000000,4.043142080307007,3.0,2797.416504|3.000000|0.000000|0.000000|0.000000,2028.205078|7.000000|1.000000|0.000000|0.000000,2342.873291|7.000000|1.000000|0.000000|0.000000,7,70906404864.000000,N/A,5
MOGP_GENERATIONAL,1081ab50-efc2-11f0-951e-6e001b3eef54,Toxicity,74,181,2466.395752|3.000000|0.000000|0.000000|0.000000,3.5455522537231445,3.0,2797.416504|3.000000|0.000000|0.000000|0.000000,2384.364014|7.000000|1.000000|0.000000|0.000000,2754.823975|7.000000|1.000000|0.000000|0.000000,7,33300389888.000000,N/A,5
MOGP_GENERATIONAL,1199688e-efc2-11f0-82d9-6e001b3eef54,Toxicity,74,172,2466.395752|3.000000|0.000000|0.000000|0.000000,3.865063190460205,3.0,2797.416504|3.000000|0.000000|0.000000|0.000000,2193.228027|7.000000|2.000000|0.000000|0.000000,2634.961426|7.000000|2.000000|0.000000|0.000000,7,65331941376.000000,N/A,5
MOGP_GENERATIONAL,1081ab50-efc2-11f0-951e-6e001b3eef54,Toxicity,74,182,2466.395752|3.000000|0.000000|0.000000|0.000000,3.7705039978027344,3.0,2797.416504|3.000000|0.000000|0.000000|0.000000,2169.406250|7.000000|1.000000|0.000000|0.000000,2575.344727|7.000000|1.000000|0.000000|0.000000,7,49937465344.000000,N/A,5
MOGP_GENERATIONAL,1199688e-efc2-11f0-82d9-6e001b3eef54,Toxicity,74,173,2466.395752|3.000000|0.000000|0.000000|0.000000,3.8167619705200195,3.0,2797.416504|3.000000|0.000000|0.000000|0.000000,2083.187256|7.000000|1.000000|0.000000|0.000000,2456.677002|7.000000|1.000000|0.000000|0.000000,7,29712324608.000000,N/A,5
MOGP_GENERATIONAL,1081ab50-efc2-11f0-951e-6e001b3eef54,Toxicity,74,183,2466.395752|3.000000|0.000000|0.000000|0.000000,3.671535015106201,3.0,2797.416504|3.000000|0.000000|0.000000|0.000000,2023.688110|7.000000|1.000000|0.000000|0.000000,2175.027100|7.000000|1.000000|0.000000|0.000000,7,86043484160.000000,N/A,5
MOGP_GENERATIONAL,1199688e-efc2-11f0-82d9-6e001b3eef54,Toxicity,74,174,2466.395752|3.000000|0.000000|0.000000|0.000000,3.916867256164551,3.0,2797.416504|3.000000|0.000000|0.000000|0.000000,1983.708496|7.000000|1.000000|0.000000|0.000000,2338.162842|7.000000|1.000000|0.000000|0.000000,7,55073312768.000000,N/A,5
MOGP_GENERATIONAL,1081ab50-efc2-11f0-951e-6e001b3eef54,Toxicity,74,184,2466.395752|3.000000|0.000000|0.000000|0.000000,3.698931932449341,3.0,2797.416504|3.000000|0.000000|0.000000|0.000000,2216.597168|7.000000|2.000000|0.000000|0.000000,2555.451172|7.000000|2.000000|0.000000|0.000000,7,103775371264.000000,N/A,5
MOGP_GENERATIONAL,1199688e-efc2-11f0-82d9-6e001b3eef54,Toxicity,74,175,2466.395752|3.000000|0.000000|0.000000|0.000000,3.808397054672241,3.0,2797.416504|3.000000|0.000000|0.000000|0.000000,2205.134521|7.000000|2.000000|0.000000|0.000000,2635.107178|7.000000|2.000000|0.000000|0.000000,7,61122035712.000000,N/A,5
MOGP_GENERATIONAL,1081ab50-efc2-11f0-951e-6e001b3eef54,Toxicity,74,185,2466.395752|3.000000|0.000000|0.000000|0.000000,3.6371519565582275,3.0,2797.416504|3.000000|0.000000|0.000000|0.000000,1964.721924|7.000000|1.000000|0.000000|0.000000,2244.839355|7.000000|1.000000|0.000000|0.000000,7,7822781440.000000,N/A,5
MOGP_GENERATIONAL,1199688e-efc2-11f0-82d9-6e001b3eef54,Toxicity,74,176,2466.395752|3.000000|0.000000|0.000000|0.000000,3.864109992980957,3.0,2797.416504|3.000000|0.000000|0.000000|0.000000,2227.214844|7.000000|2.000000|2.000000|0.000000,2565.277588|7.000000|2.000000|2.000000|0.000000,7,65443565568.000000,N/A,5
MOGP_GENERATIONAL,1081ab50-efc2-11f0-951e-6e001b3eef54,Toxicity,74,186,2466.395752|3.000000|0.000000|0.000000|0.000000,3.6664340496063232,3.0,2797.416504|3.000000|0.000000|0.000000|0.000000,2029.168457|7.000000|0.000000|0.000000|0.000000,2318.391113|7.000000|0.000000|0.000000|0.000000,7,84655308800.000000,N/A,5
MOGP_GENERATIONAL,1081ab50-efc2-11f0-951e-6e001b3eef54,Toxicity,74,187,2466.395752|3.000000|0.000000|0.000000|0.000000,3.6524720191955566,3.0,2797.416504|3.000000|0.000000|0.000000|0.000000,2107.594482|7.000000|0.000000|2.000000|0.000000,2234.082275|7.000000|0.000000|2.000000|0.000000,7,79501844480.000000,N/A,5
MOGP_GENERATIONAL,1199688e-efc2-11f0-82d9-6e001b3eef54,Toxicity,74,177,2466.395752|3.000000|0.000000|0.000000|0.000000,3.9172050952911377,3.0,2797.416504|3.000000|0.000000|0.000000|0.000000,2340.154297|7.000000|2.000000|0.000000|0.000000,2707.927002|7.000000|2.000000|0.000000|0.000000,7,43564486656.000000,N/A,5
MOGP_GENERATIONAL,1081ab50-efc2-11f0-951e-6e001b3eef54,Toxicity,74,188,2466.395752|3.000000|0.000000|0.000000|0.000000,3.708732843399048,3.0,2797.416504|3.000000|0.000000|0.000000|0.000000,2029.168457|7.000000|0.000000|2.000000|0.000000,2318.391113|7.000000|0.000000|2.000000|0.000000,7,51957075968.000000,N/A,5
MOGP_GENERATIONAL,1199688e-efc2-11f0-82d9-6e001b3eef54,Toxicity,74,178,2466.395752|3.000000|0.000000|0.000000|0.000000,4.0710320472717285,3.0,2797.416504|3.000000|0.000000|0.000000|0.000000,2231.172119|7.000000|2.000000|0.000000|0.000000,2565.120850|7.000000|2.000000|0.000000|0.000000,7,74476249088.000000,N/A,5
MOGP_GENERATIONAL,1081ab50-efc2-11f0-951e-6e001b3eef54,Toxicity,74,189,2466.395752|3.000000|0.000000|0.000000|0.000000,3.6645779609680176,3.0,2797.416504|3.000000|0.000000|0.000000|0.000000,2249.203125|7.000000|2.000000|0.000000|0.000000,2631.127686|7.000000|2.000000|0.000000|0.000000,7,96921174016.000000,N/A,5
MOGP_GENERATIONAL,1199688e-efc2-11f0-82d9-6e001b3eef54,Toxicity,74,179,2466.395752|3.000000|0.000000|0.000000|0.000000,3.848289966583252,3.0,2797.416504|3.000000|0.000000|0.000000|0.000000,2177.187744|7.000000|2.000000|0.000000|0.000000,2506.547119|7.000000|2.000000|0.000000|0.000000,7,394244480.000000,N/A,5
MOGP_GENERATIONAL,1081ab50-efc2-11f0-951e-6e001b3eef54,Toxicity,74,190,2466.395752|3.000000|0.000000|0.000000|0.000000,3.5910987854003906,3.0,2797.416504|3.000000|0.000000|0.000000|0.000000,2391.467529|7.000000|1.000000|0.000000|0.000000,2725.244873|7.000000|1.000000|0.000000|0.000000,7,49937461248.000000,N/A,5
MOGP_GENERATIONAL,1199688e-efc2-11f0-82d9-6e001b3eef54,Toxicity,74,180,2466.395752|3.000000|0.000000|0.000000|0.000000,3.7745800018310547,3.0,2797.416504|3.000000|0.000000|0.000000|0.000000,2353.781982|7.000000|2.000000|0.000000|0.000000,2720.113770|7.000000|2.000000|0.000000|0.000000,7,22445131776.000000,N/A,5
MOGP_GENERATIONAL,1081ab50-efc2-11f0-951e-6e001b3eef54,Toxicity,74,191,2466.395752|3.000000|0.000000|0.000000|0.000000,3.5773870944976807,3.0,2797.416504|3.000000|0.000000|0.000000|0.000000,2018.778564|7.000000|1.000000|0.000000|0.000000,2364.768555|7.000000|1.000000|0.000000|0.000000,7,52565876736.000000,N/A,5
MOGP_GENERATIONAL,1199688e-efc2-11f0-82d9-6e001b3eef54,Toxicity,74,181,2466.395752|3.000000|0.000000|0.000000|0.000000,3.815548896789551,3.0,2797.416504|3.000000|0.000000|0.000000|0.000000,2384.364014|7.000000|1.000000|0.000000|0.000000,2754.823975|7.000000|1.000000|0.000000|0.000000,7,33300389888.000000,N/A,5
MOGP_GENERATIONAL,1081ab50-efc2-11f0-951e-6e001b3eef54,Toxicity,74,192,2466.395752|3.000000|0.000000|0.000000|0.000000,3.54744815826416,3.0,2797.416504|3.000000|0.000000|0.000000|0.000000,2206.612793|7.000000|1.000000|0.000000|0.000000,2637.208984|7.000000|1.000000|0.000000|0.000000,7,46172598272.000000,N/A,5
MOGP_GENERATIONAL,1199688e-efc2-11f0-82d9-6e001b3eef54,Toxicity,74,182,2466.395752|3.000000|0.000000|0.000000|0.000000,4.027713060379028,3.0,2797.416504|3.000000|0.000000|0.000000|0.000000,2169.406250|7.000000|1.000000|0.000000|0.000000,2575.344727|7.000000|1.000000|0.000000|0.000000,7,49937465344.000000,N/A,5
MOGP_GENERATIONAL,1081ab50-efc2-11f0-951e-6e001b3eef54,Toxicity,74,193,2466.395752|3.000000|0.000000|0.000000|0.000000,3.7063188552856445,3.0,2797.416504|3.000000|0.000000|0.000000|0.000000,2223.507568|7.000000|2.000000|0.000000|0.000000,2559.651855|7.000000|2.000000|0.000000|0.000000,7,13289740288.000000,N/A,5
MOGP_GENERATIONAL,1199688e-efc2-11f0-82d9-6e001b3eef54,Toxicity,74,183,2466.395752|3.000000|0.000000|0.000000|0.000000,3.9018521308898926,3.0,2797.416504|3.000000|0.000000|0.000000|0.000000,2023.688110|7.000000|1.000000|0.000000|0.000000,2175.027100|7.000000|1.000000|0.000000|0.000000,7,86043484160.000000,N/A,5
MOGP_GENERATIONAL,1081ab50-efc2-11f0-951e-6e001b3eef54,Toxicity,74,194,2466.395752|3.000000|0.000000|0.000000|0.000000,3.7089340686798096,3.0,2797.416504|3.000000|0.000000|0.000000|0.000000,2197.248535|7.000000|2.000000|0.000000|0.000000,2614.736816|7.000000|2.000000|0.000000|0.000000,7,78322466816.000000,N/A,5
MOGP_GENERATIONAL,1199688e-efc2-11f0-82d9-6e001b3eef54,Toxicity,74,184,2466.395752|3.000000|0.000000|0.000000|0.000000,3.913616895675659,3.0,2797.416504|3.000000|0.000000|0.000000|0.000000,2216.597168|7.000000|2.000000|0.000000|0.000000,2555.451172|7.000000|2.000000|0.000000|0.000000,7,103775371264.000000,N/A,5
MOGP_GENERATIONAL,1081ab50-efc2-11f0-951e-6e001b3eef54,Toxicity,74,195,2466.395752|3.000000|0.000000|0.000000|0.000000,3.724930763244629,3.0,2797.416504|3.000000|0.000000|0.000000|0.000000,2271.112061|7.000000|1.000000|0.000000|0.000000,2729.296631|7.000000|1.000000|0.000000|0.000000,7,9603442688.000000,N/A,5
MOGP_GENERATIONAL,1199688e-efc2-11f0-82d9-6e001b3eef54,Toxicity,74,185,2466.395752|3.000000|0.000000|0.000000|0.000000,3.8741469383239746,3.0,2797.416504|3.000000|0.000000|0.000000|0.000000,1964.721924|7.000000|1.000000|0.000000|0.000000,2244.839355|7.000000|1.000000|0.000000|0.000000,7,7822781440.000000,N/A,5
MOGP_GENERATIONAL,1081ab50-efc2-11f0-951e-6e001b3eef54,Toxicity,74,196,2466.395752|3.000000|0.000000|0.000000|0.000000,3.631331205368042,3.0,2797.416504|3.000000|0.000000|0.000000|0.000000,2284.541748|7.000000|0.000000|0.000000|0.000000,2607.199463|7.000000|0.000000|0.000000|0.000000,7,49476435968.000000,N/A,5
MOGP_GENERATIONAL,1199688e-efc2-11f0-82d9-6e001b3eef54,Toxicity,74,186,2466.395752|3.000000|0.000000|0.000000|0.000000,3.855257034301758,3.0,2797.416504|3.000000|0.000000|0.000000|0.000000,2029.168457|7.000000|0.000000|0.000000|0.000000,2318.391113|7.000000|0.000000|0.000000|0.000000,7,84655308800.000000,N/A,5
MOGP_GENERATIONAL,1081ab50-efc2-11f0-951e-6e001b3eef54,Toxicity,74,197,2466.395752|3.000000|0.000000|0.000000|0.000000,3.6755669116973877,3.0,2797.416504|3.000000|0.000000|0.000000|0.000000,2066.454590|7.000000|1.000000|0.000000|0.000000,2274.669922|7.000000|1.000000|0.000000|0.000000,7,40270331904.000000,N/A,5
MOGP_GENERATIONAL,1199688e-efc2-11f0-82d9-6e001b3eef54,Toxicity,74,187,2466.395752|3.000000|0.000000|0.000000|0.000000,3.9081690311431885,3.0,2797.416504|3.000000|0.000000|0.000000|0.000000,2107.594482|7.000000|0.000000|2.000000|0.000000,2234.082275|7.000000|0.000000|2.000000|0.000000,7,79501844480.000000,N/A,5
MOGP_GENERATIONAL,1081ab50-efc2-11f0-951e-6e001b3eef54,Toxicity,74,198,2466.395752|3.000000|0.000000|0.000000|0.000000,3.6488959789276123,3.0,2797.416504|3.000000|0.000000|0.000000|0.000000,2216.936523|7.000000|1.000000|0.000000|0.000000,2545.619385|7.000000|1.000000|0.000000|0.000000,7,102786408448.000000,N/A,5
MOGP_GENERATIONAL,1199688e-efc2-11f0-82d9-6e001b3eef54,Toxicity,74,188,2466.395752|3.000000|0.000000|0.000000|0.000000,3.8568480014801025,3.0,2797.416504|3.000000|0.000000|0.000000|0.000000,2029.168457|7.000000|0.000000|2.000000|0.000000,2318.391113|7.000000|0.000000|2.000000|0.000000,7,51957075968.000000,N/A,5
MOGP_GENERATIONAL,1081ab50-efc2-11f0-951e-6e001b3eef54,Toxicity,74,199,2466.395752|3.000000|0.000000|0.000000|0.000000,3.664600133895874,3.0,2797.416504|3.000000|0.000000|0.000000|0.000000,2134.655029|7.000000|1.000000|0.000000|0.000000,2559.091309|7.000000|1.000000|0.000000|0.000000,7,57567715328.000000,N/A,5
MOGP_GENERATIONAL,1199688e-efc2-11f0-82d9-6e001b3eef54,Toxicity,74,189,2466.395752|3.000000|0.000000|0.000000|0.000000,3.9197499752044678,3.0,2797.416504|3.000000|0.000000|0.000000|0.000000,2249.203125|7.000000|2.000000|0.000000|0.000000,2631.127686|7.000000|2.000000|0.000000|0.000000,7,96921174016.000000,N/A,5
MOGP_GENERATIONAL,1081ab50-efc2-11f0-951e-6e001b3eef54,Toxicity,74,200,2466.395752|3.000000|0.000000|0.000000|0.000000,3.8448150157928467,3.0,2797.416504|3.000000|0.000000|0.000000|0.000000,2156.584717|7.000000|1.000000|2.000000|0.000000,2646.871338|7.000000|1.000000|2.000000|0.000000,7,51549593600.000000,N/A,5
MOGP_GENERATIONAL,1199688e-efc2-11f0-82d9-6e001b3eef54,Toxicity,74,190,2466.395752|3.000000|0.000000|0.000000|0.000000,3.8463778495788574,3.0,2797.416504|3.000000|0.000000|0.000000|0.000000,2391.467529|7.000000|1.000000|0.000000|0.000000,2725.244873|7.000000|1.000000|0.000000|0.000000,7,49937461248.000000,N/A,5
MOGP_GENERATIONAL,1081ab50-efc2-11f0-951e-6e001b3eef54,Toxicity,74,201,2466.395752|3.000000|0.000000|0.000000|0.000000,3.5316481590270996,3.0,2797.416504|3.000000|0.000000|0.000000|0.000000,2185.769531|7.000000|2.000000|0.000000|0.000000,2620.623291|7.000000|2.000000|0.000000|0.000000,7,44990218240.000000,N/A,5
MOGP_GENERATIONAL,1199688e-efc2-11f0-82d9-6e001b3eef54,Toxicity,74,191,2466.395752|3.000000|0.000000|0.000000|0.000000,3.7537460327148438,3.0,2797.416504|3.000000|0.000000|0.000000|0.000000,2018.778564|7.000000|1.000000|0.000000|0.000000,2364.768555|7.000000|1.000000|0.000000|0.000000,7,52565876736.000000,N/A,5
MOGP_GENERATIONAL,1081ab50-efc2-11f0-951e-6e001b3eef54,Toxicity,74,202,2466.395752|3.000000|0.000000|0.000000|0.000000,3.895684003829956,3.0,2797.416504|3.000000|0.000000|0.000000|0.000000,2176.361572|7.000000|2.000000|0.000000|0.000000,2638.167725|7.000000|2.000000|0.000000|0.000000,7,70533677056.000000,N/A,5
MOGP_GENERATIONAL,1199688e-efc2-11f0-82d9-6e001b3eef54,Toxicity,74,192,2466.395752|3.000000|0.000000|0.000000|0.000000,3.68105411529541,3.0,2797.416504|3.000000|0.000000|0.000000|0.000000,2206.612793|7.000000|1.000000|0.000000|0.000000,2637.208984|7.000000|1.000000|0.000000|0.000000,7,46172598272.000000,N/A,5
MOGP_GENERATIONAL,1081ab50-efc2-11f0-951e-6e001b3eef54,Toxicity,74,203,2466.395752|3.000000|0.000000|0.000000|0.000000,3.732490062713623,3.0,2797.416504|3.000000|0.000000|0.000000|0.000000,2158.179443|7.000000|1.000000|0.000000|0.000000,2574.807617|7.000000|1.000000|0.000000|0.000000,7,82631704576.000000,N/A,5
MOGP_GENERATIONAL,1199688e-efc2-11f0-82d9-6e001b3eef54,Toxicity,74,193,2466.395752|3.000000|0.000000|0.000000|0.000000,3.9661660194396973,3.0,2797.416504|3.000000|0.000000|0.000000|0.000000,2223.507568|7.000000|2.000000|0.000000|0.000000,2559.651855|7.000000|2.000000|0.000000|0.000000,7,13289740288.000000,N/A,5
MOGP_GENERATIONAL,1081ab50-efc2-11f0-951e-6e001b3eef54,Toxicity,74,204,2466.395752|3.000000|0.000000|0.000000|0.000000,3.7315471172332764,3.0,2797.416504|3.000000|0.000000|0.000000|0.000000,2232.356201|7.000000|1.000000|0.000000|0.000000,2665.543457|7.000000|1.000000|0.000000|0.000000,7,8746515456.000000,N/A,5
MOGP_GENERATIONAL,1199688e-efc2-11f0-82d9-6e001b3eef54,Toxicity,74,194,2466.395752|3.000000|0.000000|0.000000|0.000000,3.8836312294006348,3.0,2797.416504|3.000000|0.000000|0.000000|0.000000,2197.248535|7.000000|2.000000|0.000000|0.000000,2614.736816|7.000000|2.000000|0.000000|0.000000,7,78322466816.000000,N/A,5
MOGP_GENERATIONAL,1081ab50-efc2-11f0-951e-6e001b3eef54,Toxicity,74,205,2466.395752|3.000000|0.000000|0.000000|0.000000,3.7130486965179443,3.0,2797.416504|3.000000|0.000000|0.000000|0.000000,2302.082275|7.000000|1.000000|0.000000|0.000000,2641.884766|7.000000|1.000000|0.000000|0.000000,7,48837615616.000000,N/A,5
MOGP_GENERATIONAL,1199688e-efc2-11f0-82d9-6e001b3eef54,Toxicity,74,195,2466.395752|3.000000|0.000000|0.000000|0.000000,3.949636220932007,3.0,2797.416504|3.000000|0.000000|0.000000|0.000000,2271.112061|7.000000|1.000000|0.000000|0.000000,2729.296631|7.000000|1.000000|0.000000|0.000000,7,9603442688.000000,N/A,5
MOGP_GENERATIONAL,1081ab50-efc2-11f0-951e-6e001b3eef54,Toxicity,74,206,2466.395752|3.000000|0.000000|0.000000|0.000000,3.823106050491333,3.0,2797.416504|3.000000|0.000000|0.000000|0.000000,2410.987549|7.000000|2.000000|0.000000|0.000000,2747.733887|7.000000|2.000000|0.000000|0.000000,7,84090281984.000000,N/A,5
MOGP_GENERATIONAL,1081ab50-efc2-11f0-951e-6e001b3eef54,Toxicity,74,207,2466.395752|3.000000|0.000000|0.000000|0.000000,3.745786190032959,3.0,2797.416504|3.000000|0.000000|0.000000|0.000000,2113.689453|7.000000|1.000000|0.000000|0.000000,2497.333740|7.000000|1.000000|0.000000|0.000000,7,48356163584.000000,N/A,5
MOGP_GENERATIONAL,1199688e-efc2-11f0-82d9-6e001b3eef54,Toxicity,74,196,2466.395752|3.000000|0.000000|0.000000|0.000000,3.860992908477783,3.0,2797.416504|3.000000|0.000000|0.000000|0.000000,2284.541748|7.000000|0.000000|0.000000|0.000000,2607.199463|7.000000|0.000000|0.000000|0.000000,7,49476435968.000000,N/A,5
MOGP_GENERATIONAL,1081ab50-efc2-11f0-951e-6e001b3eef54,Toxicity,74,208,2466.395752|3.000000|0.000000|0.000000|0.000000,3.7195489406585693,3.0,2797.416504|3.000000|0.000000|0.000000|0.000000,2023.282837|7.000000|1.000000|0.000000|0.000000,2337.594727|7.000000|1.000000|0.000000|0.000000,7,86030843904.000000,N/A,5
MOGP_GENERATIONAL,1199688e-efc2-11f0-82d9-6e001b3eef54,Toxicity,74,197,2466.395752|3.000000|0.000000|0.000000|0.000000,3.9639008045196533,3.0,2797.416504|3.000000|0.000000|0.000000|0.000000,2066.454590|7.000000|1.000000|0.000000|0.000000,2274.669922|7.000000|1.000000|0.000000|0.000000,7,40270331904.000000,N/A,5
MOGP_GENERATIONAL,1081ab50-efc2-11f0-951e-6e001b3eef54,Toxicity,74,209,2466.395752|3.000000|0.000000|0.000000|0.000000,3.76387095451355,3.0,2797.416504|3.000000|0.000000|0.000000|0.000000,2407.351562|7.000000|2.000000|0.000000|0.000000,2610.472656|7.000000|2.000000|0.000000|0.000000,7,50787246080.000000,N/A,5
MOGP_GENERATIONAL,1199688e-efc2-11f0-82d9-6e001b3eef54,Toxicity,74,198,2466.395752|3.000000|0.000000|0.000000|0.000000,3.8959438800811768,3.0,2797.416504|3.000000|0.000000|0.000000|0.000000,2216.936523|7.000000|1.000000|0.000000|0.000000,2545.619385|7.000000|1.000000|0.000000|0.000000,7,102786408448.000000,N/A,5
MOGP_GENERATIONAL,1081ab50-efc2-11f0-951e-6e001b3eef54,Toxicity,74,210,2466.395752|3.000000|0.000000|0.000000|0.000000,3.609170913696289,3.0,2797.416504|3.000000|0.000000|0.000000|0.000000,1978.736938|7.000000|1.000000|0.000000|0.000000,2166.917236|7.000000|1.000000|0.000000|0.000000,7,69004288000.000000,N/A,5
MOGP_GENERATIONAL,1199688e-efc2-11f0-82d9-6e001b3eef54,Toxicity,74,199,2466.395752|3.000000|0.000000|0.000000|0.000000,3.7725000381469727,3.0,2797.416504|3.000000|0.000000|0.000000|0.000000,2134.655029|7.000000|1.000000|0.000000|0.000000,2559.091309|7.000000|1.000000|0.000000|0.000000,7,57567715328.000000,N/A,5
MOGP_GENERATIONAL,1081ab50-efc2-11f0-951e-6e001b3eef54,Toxicity,74,211,2466.395752|3.000000|0.000000|0.000000|0.000000,3.6489930152893066,3.0,2797.416504|3.000000|0.000000|0.000000|0.000000,2167.314209|7.000000|2.000000|0.000000|0.000000,2518.815430|7.000000|2.000000|0.000000|0.000000,7,25393997824.000000,N/A,5
MOGP_GENERATIONAL,1199688e-efc2-11f0-82d9-6e001b3eef54,Toxicity,74,200,2466.395752|3.000000|0.000000|0.000000|0.000000,3.936638116836548,3.0,2797.416504|3.000000|0.000000|0.000000|0.000000,2156.584717|7.000000|1.000000|2.000000|0.000000,2646.871338|7.000000|1.000000|2.000000|0.000000,7,51549593600.000000,N/A,5
MOGP_GENERATIONAL,1081ab50-efc2-11f0-951e-6e001b3eef54,Toxicity,74,212,2466.395752|3.000000|0.000000|0.000000|0.000000,3.7520742416381836,3.0,2797.416504|3.000000|0.000000|0.000000|0.000000,2258.226562|7.000000|2.000000|0.000000|0.000000,2592.873535|7.000000|2.000000|0.000000|0.000000,7,52597764096.000000,N/A,5
MOGP_GENERATIONAL,1199688e-efc2-11f0-82d9-6e001b3eef54,Toxicity,74,201,2466.395752|3.000000|0.000000|0.000000|0.000000,3.7262699604034424,3.0,2797.416504|3.000000|0.000000|0.000000|0.000000,2185.769531|7.000000|2.000000|0.000000|0.000000,2620.623291|7.000000|2.000000|0.000000|0.000000,7,44990218240.000000,N/A,5
MOGP_GENERATIONAL,1081ab50-efc2-11f0-951e-6e001b3eef54,Toxicity,74,213,2466.395752|3.000000|0.000000|0.000000|0.000000,3.6558661460876465,3.0,2797.416504|3.000000|0.000000|0.000000|0.000000,2380.719238|7.000000|2.000000|0.000000|0.000000,2756.741211|7.000000|2.000000|0.000000|0.000000,7,6776137216.000000,N/A,5
MOGP_GENERATIONAL,1199688e-efc2-11f0-82d9-6e001b3eef54,Toxicity,74,202,2466.395752|3.000000|0.000000|0.000000|0.000000,3.9929559230804443,3.0,2797.416504|3.000000|0.000000|0.000000|0.000000,2176.361572|7.000000|2.000000|0.000000|0.000000,2638.167725|7.000000|2.000000|0.000000|0.000000,7,70533677056.000000,N/A,5
MOGP_GENERATIONAL,1081ab50-efc2-11f0-951e-6e001b3eef54,Toxicity,74,214,2466.395752|3.000000|0.000000|0.000000|0.000000,3.720428943634033,3.0,2797.416504|3.000000|0.000000|0.000000|0.000000,2370.477295|7.000000|1.000000|0.000000|0.000000,2704.974609|7.000000|1.000000|0.000000|0.000000,7,56643936256.000000,N/A,5
MOGP_GENERATIONAL,1199688e-efc2-11f0-82d9-6e001b3eef54,Toxicity,74,203,2466.395752|3.000000|0.000000|0.000000|0.000000,3.984800100326538,3.0,2797.416504|3.000000|0.000000|0.000000|0.000000,2158.179443|7.000000|1.000000|0.000000|0.000000,2574.807617|7.000000|1.000000|0.000000|0.000000,7,82631704576.000000,N/A,5
MOGP_GENERATIONAL,1081ab50-efc2-11f0-951e-6e001b3eef54,Toxicity,74,215,2466.395752|3.000000|0.000000|0.000000|0.000000,3.5131938457489014,3.0,2797.416504|3.000000|0.000000|0.000000|0.000000,2206.188477|7.000000|1.000000|0.000000|0.000000,2512.796875|7.000000|1.000000|0.000000|0.000000,7,87562600448.000000,N/A,5
MOGP_GENERATIONAL,1199688e-efc2-11f0-82d9-6e001b3eef54,Toxicity,74,204,2466.395752|3.000000|0.000000|0.000000|0.000000,3.869600772857666,3.0,2797.416504|3.000000|0.000000|0.000000|0.000000,2232.356201|7.000000|1.000000|0.000000|0.000000,2665.543457|7.000000|1.000000|0.000000|0.000000,7,8746515456.000000,N/A,5
MOGP_GENERATIONAL,1081ab50-efc2-11f0-951e-6e001b3eef54,Toxicity,74,216,2466.395752|3.000000|0.000000|0.000000|0.000000,3.6616578102111816,3.0,2797.416504|3.000000|0.000000|0.000000|0.000000,2207.591309|7.000000|2.000000|0.000000|0.000000,2542.230225|7.000000|2.000000|0.000000|0.000000,7,76744646656.000000,N/A,5
MOGP_GENERATIONAL,1199688e-efc2-11f0-82d9-6e001b3eef54,Toxicity,74,205,2466.395752|3.000000|0.000000|0.000000|0.000000,3.80781888961792,3.0,2797.416504|3.000000|0.000000|0.000000|0.000000,2302.082275|7.000000|1.000000|0.000000|0.000000,2641.884766|7.000000|1.000000|0.000000|0.000000,7,48837615616.000000,N/A,5
MOGP_GENERATIONAL,1081ab50-efc2-11f0-951e-6e001b3eef54,Toxicity,74,217,2466.395752|3.000000|0.000000|0.000000|0.000000,3.790151834487915,3.0,2797.416504|3.000000|0.000000|0.000000|0.000000,2224.976318|7.000000|1.000000|2.000000|0.000000,2660.836914|7.000000|1.000000|2.000000|0.000000,7,68766326784.000000,N/A,5
MOGP_GENERATIONAL,1199688e-efc2-11f0-82d9-6e001b3eef54,Toxicity,74,206,2466.395752|3.000000|0.000000|0.000000|0.000000,4.030911922454834,3.0,2797.416504|3.000000|0.000000|0.000000|0.000000,2410.987549|7.000000|2.000000|0.000000|0.000000,2747.733887|7.000000|2.000000|0.000000|0.000000,7,84090281984.000000,N/A,5
MOGP_GENERATIONAL,1081ab50-efc2-11f0-951e-6e001b3eef54,Toxicity,74,218,2466.395752|3.000000|0.000000|0.000000|0.000000,3.5992231369018555,3.0,2797.416504|3.000000|0.000000|0.000000|0.000000,2121.880127|7.000000|1.000000|0.000000|0.000000,2454.330322|7.000000|1.000000|0.000000|0.000000,7,69881593856.000000,N/A,5
MOGP_GENERATIONAL,1199688e-efc2-11f0-82d9-6e001b3eef54,Toxicity,74,207,2466.395752|3.000000|0.000000|0.000000|0.000000,3.9797890186309814,3.0,2797.416504|3.000000|0.000000|0.000000|0.000000,2113.689453|7.000000|1.000000|0.000000|0.000000,2497.333740|7.000000|1.000000|0.000000|0.000000,7,48356163584.000000,N/A,5
MOGP_GENERATIONAL,1081ab50-efc2-11f0-951e-6e001b3eef54,Toxicity,74,219,2466.395752|3.000000|0.000000|0.000000|0.000000,3.6438090801239014,3.0,2797.416504|3.000000|0.000000|0.000000|0.000000,2279.975830|7.000000|2.000000|0.000000|0.000000,2611.377197|7.000000|2.000000|0.000000|0.000000,7,96632832000.000000,N/A,5
MOGP_GENERATIONAL,1199688e-efc2-11f0-82d9-6e001b3eef54,Toxicity,74,208,2466.395752|3.000000|0.000000|0.000000|0.000000,3.923501968383789,3.0,2797.416504|3.000000|0.000000|0.000000|0.000000,2023.282837|7.000000|1.000000|0.000000|0.000000,2337.594727|7.000000|1.000000|0.000000|0.000000,7,86030843904.000000,N/A,5
MOGP_GENERATIONAL,1081ab50-efc2-11f0-951e-6e001b3eef54,Toxicity,74,220,2466.395752|3.000000|0.000000|0.000000|0.000000,3.6570370197296143,3.0,2797.416504|3.000000|0.000000|0.000000|0.000000,1970.038086|7.000000|0.000000|0.000000|0.000000,2235.746338|7.000000|0.000000|0.000000|0.000000,7,8776624128.000000,N/A,5
MOGP_GENERATIONAL,1199688e-efc2-11f0-82d9-6e001b3eef54,Toxicity,74,209,2466.395752|3.000000|0.000000|0.000000|0.000000,3.9937870502471924,3.0,2797.416504|3.000000|0.000000|0.000000|0.000000,2407.351562|7.000000|2.000000|0.000000|0.000000,2610.472656|7.000000|2.000000|0.000000|0.000000,7,50787246080.000000,N/A,5
MOGP_GENERATIONAL,1081ab50-efc2-11f0-951e-6e001b3eef54,Toxicity,74,221,2466.395752|3.000000|0.000000|0.000000|0.000000,3.6888058185577393,3.0,2797.416504|3.000000|0.000000|0.000000|0.000000,2194.616455|7.000000|2.000000|0.000000|0.000000,2541.442871|7.000000|2.000000|0.000000|0.000000,7,81687592960.000000,N/A,5
MOGP_GENERATIONAL,1081ab50-efc2-11f0-951e-6e001b3eef54,Toxicity,74,222,2466.395752|3.000000|0.000000|0.000000|0.000000,3.531477689743042,3.0,2797.416504|3.000000|0.000000|0.000000|0.000000,2287.548096|7.000000|1.000000|0.000000|0.000000,2715.306152|7.000000|1.000000|0.000000|0.000000,7,99979517952.000000,N/A,5
MOGP_GENERATIONAL,1199688e-efc2-11f0-82d9-6e001b3eef54,Toxicity,74,210,2466.395752|3.000000|0.000000|0.000000|0.000000,3.84731125831604,3.0,2797.416504|3.000000|0.000000|0.000000|0.000000,1978.736938|7.000000|1.000000|0.000000|0.000000,2166.917236|7.000000|1.000000|0.000000|0.000000,7,69004288000.000000,N/A,5
MOGP_GENERATIONAL,1081ab50-efc2-11f0-951e-6e001b3eef54,Toxicity,74,223,2466.395752|3.000000|0.000000|0.000000|0.000000,3.695643901824951,3.0,2797.416504|3.000000|0.000000|0.000000|0.000000,2235.050781|7.000000|1.000000|0.000000|0.000000,2616.398193|7.000000|1.000000|0.000000|0.000000,7,75260985344.000000,N/A,5
MOGP_GENERATIONAL,1199688e-efc2-11f0-82d9-6e001b3eef54,Toxicity,74,211,2466.395752|3.000000|0.000000|0.000000|0.000000,4.025336980819702,3.0,2797.416504|3.000000|0.000000|0.000000|0.000000,2167.314209|7.000000|2.000000|0.000000|0.000000,2518.815430|7.000000|2.000000|0.000000|0.000000,7,25393997824.000000,N/A,5
MOGP_GENERATIONAL,1081ab50-efc2-11f0-951e-6e001b3eef54,Toxicity,74,224,2466.395752|3.000000|0.000000|0.000000|0.000000,3.642439126968384,3.0,2797.416504|3.000000|0.000000|0.000000|0.000000,2342.080811|7.000000|2.000000|0.000000|0.000000,2670.734131|7.000000|2.000000|0.000000|0.000000,7,52072337408.000000,N/A,5
MOGP_GENERATIONAL,1199688e-efc2-11f0-82d9-6e001b3eef54,Toxicity,74,212,2466.395752|3.000000|0.000000|0.000000|0.000000,3.8233211040496826,3.0,2797.416504|3.000000|0.000000|0.000000|0.000000,2258.226562|7.000000|2.000000|0.000000|0.000000,2592.873535|7.000000|2.000000|0.000000|0.000000,7,52597764096.000000,N/A,5
MOGP_GENERATIONAL,1081ab50-efc2-11f0-951e-6e001b3eef54,Toxicity,74,225,2466.395752|3.000000|0.000000|0.000000|0.000000,3.655890941619873,3.0,2797.416504|3.000000|0.000000|0.000000|0.000000,2373.533447|7.000000|2.000000|0.000000|0.000000,2709.177490|7.000000|2.000000|0.000000|0.000000,7,68508479488.000000,N/A,5
MOGP_GENERATIONAL,1199688e-efc2-11f0-82d9-6e001b3eef54,Toxicity,74,213,2466.395752|3.000000|0.000000|0.000000|0.000000,3.7710139751434326,3.0,2797.416504|3.000000|0.000000|0.000000|0.000000,2380.719238|7.000000|2.000000|0.000000|0.000000,2756.741211|7.000000|2.000000|0.000000|0.000000,7,6776137216.000000,N/A,5
MOGP_GENERATIONAL,1081ab50-efc2-11f0-951e-6e001b3eef54,Toxicity,74,226,2466.395752|3.000000|0.000000|0.000000|0.000000,3.6773500442504883,3.0,2797.416504|3.000000|0.000000|0.000000|0.000000,2163.463867|7.000000|1.000000|0.000000|0.000000,2488.462646|7.000000|1.000000|0.000000|0.000000,7,65035132928.000000,N/A,5
MOGP_GENERATIONAL,1199688e-efc2-11f0-82d9-6e001b3eef54,Toxicity,74,214,2466.395752|3.000000|0.000000|0.000000|0.000000,3.8816442489624023,3.0,2797.416504|3.000000|0.000000|0.000000|0.000000,2370.477295|7.000000|1.000000|0.000000|0.000000,2704.974609|7.000000|1.000000|0.000000|0.000000,7,56643936256.000000,N/A,5
MOGP_GENERATIONAL,1081ab50-efc2-11f0-951e-6e001b3eef54,Toxicity,74,227,2466.395752|3.000000|0.000000|0.000000|0.000000,3.8100221157073975,3.0,2797.416504|3.000000|0.000000|0.000000|0.000000,2131.023438|7.000000|0.000000|0.000000|0.000000,2439.344482|7.000000|0.000000|0.000000|0.000000,7,42729062400.000000,N/A,5
MOGP_GENERATIONAL,1199688e-efc2-11f0-82d9-6e001b3eef54,Toxicity,74,215,2466.395752|3.000000|0.000000|0.000000|0.000000,3.7906341552734375,3.0,2797.416504|3.000000|0.000000|0.000000|0.000000,2206.188477|7.000000|1.000000|0.000000|0.000000,2512.796875|7.000000|1.000000|0.000000|0.000000,7,87562600448.000000,N/A,5
MOGP_GENERATIONAL,1081ab50-efc2-11f0-951e-6e001b3eef54,Toxicity,74,228,2466.395752|3.000000|0.000000|0.000000|0.000000,3.5486700534820557,3.0,2797.416504|3.000000|0.000000|0.000000|0.000000,2102.146484|7.000000|1.000000|0.000000|0.000000,2525.065430|7.000000|1.000000|0.000000|0.000000,7,44860735488.000000,N/A,5
MOGP_GENERATIONAL,1199688e-efc2-11f0-82d9-6e001b3eef54,Toxicity,74,216,2466.395752|3.000000|0.000000|0.000000|0.000000,3.8254189491271973,3.0,2797.416504|3.000000|0.000000|0.000000|0.000000,2207.591309|7.000000|2.000000|0.000000|0.000000,2542.230225|7.000000|2.000000|0.000000|0.000000,7,76744646656.000000,N/A,5
MOGP_GENERATIONAL,1081ab50-efc2-11f0-951e-6e001b3eef54,Toxicity,74,229,2466.395752|3.000000|0.000000|0.000000|0.000000,3.6611907482147217,3.0,2797.416504|3.000000|0.000000|0.000000|0.000000,2230.646729|7.000000|2.000000|0.000000|0.000000,2662.452393|7.000000|2.000000|0.000000|0.000000,7,64191074304.000000,N/A,5
MOGP_GENERATIONAL,1199688e-efc2-11f0-82d9-6e001b3eef54,Toxicity,74,217,2466.395752|3.000000|0.000000|0.000000|0.000000,3.9745960235595703,3.0,2797.416504|3.000000|0.000000|0.000000|0.000000,2224.976318|7.000000|1.000000|2.000000|0.000000,2660.836914|7.000000|1.000000|2.000000|0.000000,7,68766326784.000000,N/A,5
MOGP_GENERATIONAL,1081ab50-efc2-11f0-951e-6e001b3eef54,Toxicity,74,230,2466.395752|3.000000|0.000000|0.000000|0.000000,3.699867010116577,3.0,2797.416504|3.000000|0.000000|0.000000|0.000000,1998.135498|7.000000|1.000000|0.000000|0.000000,2301.798584|7.000000|1.000000|0.000000|0.000000,7,49937416192.000000,N/A,5
MOGP_GENERATIONAL,1199688e-efc2-11f0-82d9-6e001b3eef54,Toxicity,74,218,2466.395752|3.000000|0.000000|0.000000|0.000000,3.7863051891326904,3.0,2797.416504|3.000000|0.000000|0.000000|0.000000,2121.880127|7.000000|1.000000|0.000000|0.000000,2454.330322|7.000000|1.000000|0.000000|0.000000,7,69881593856.000000,N/A,5
MOGP_GENERATIONAL,1081ab50-efc2-11f0-951e-6e001b3eef54,Toxicity,74,231,2466.395752|3.000000|0.000000|0.000000|0.000000,3.592136859893799,3.0,2797.416504|3.000000|0.000000|0.000000|0.000000,2266.356201|7.000000|1.000000|0.000000|0.000000,2594.966553|7.000000|1.000000|0.000000|0.000000,7,77388423168.000000,N/A,5
MOGP_GENERATIONAL,1199688e-efc2-11f0-82d9-6e001b3eef54,Toxicity,74,219,2466.395752|3.000000|0.000000|0.000000|0.000000,3.8473427295684814,3.0,2797.416504|3.000000|0.000000|0.000000|0.000000,2279.975830|7.000000|2.000000|0.000000|0.000000,2611.377197|7.000000|2.000000|0.000000|0.000000,7,96632832000.000000,N/A,5
MOGP_GENERATIONAL,1081ab50-efc2-11f0-951e-6e001b3eef54,Toxicity,74,232,2466.395752|3.000000|0.000000|0.000000|0.000000,3.5707900524139404,3.0,2797.416504|3.000000|0.000000|0.000000|0.000000,1970.038086|7.000000|0.000000|0.000000|0.000000,2235.746338|7.000000|0.000000|0.000000|0.000000,7,86537248768.000000,N/A,5
MOGP_GENERATIONAL,1199688e-efc2-11f0-82d9-6e001b3eef54,Toxicity,74,220,2466.395752|3.000000|0.000000|0.000000|0.000000,3.885211944580078,3.0,2797.416504|3.000000|0.000000|0.000000|0.000000,1970.038086|7.000000|0.000000|0.000000|0.000000,2235.746338|7.000000|0.000000|0.000000|0.000000,7,8776624128.000000,N/A,5
MOGP_GENERATIONAL,1081ab50-efc2-11f0-951e-6e001b3eef54,Toxicity,74,233,2466.395752|3.000000|0.000000|0.000000|0.000000,3.720012903213501,3.0,2797.416504|3.000000|0.000000|0.000000|0.000000,2209.994385|7.000000|2.000000|0.000000|0.000000,118275.343750|7.000000|2.000000|0.000000|0.000000,7,47610241024.000000,N/A,5
MOGP_GENERATIONAL,1199688e-efc2-11f0-82d9-6e001b3eef54,Toxicity,74,221,2466.395752|3.000000|0.000000|0.000000|0.000000,3.9517269134521484,3.0,2797.416504|3.000000|0.000000|0.000000|0.000000,2194.616455|7.000000|2.000000|0.000000|0.000000,2541.442871|7.000000|2.000000|0.000000|0.000000,7,81687592960.000000,N/A,5
MOGP_GENERATIONAL,1081ab50-efc2-11f0-951e-6e001b3eef54,Toxicity,74,234,2466.395752|3.000000|0.000000|0.000000|0.000000,3.582484006881714,3.0,2797.416504|3.000000|0.000000|0.000000|0.000000,2013.805298|7.000000|1.000000|0.000000|0.000000,2260.712158|7.000000|1.000000|0.000000|0.000000,7,68346396672.000000,N/A,5
MOGP_GENERATIONAL,1199688e-efc2-11f0-82d9-6e001b3eef54,Toxicity,74,222,2466.395752|3.000000|0.000000|0.000000|0.000000,3.7511470317840576,3.0,2797.416504|3.000000|0.000000|0.000000|0.000000,2287.548096|7.000000|1.000000|0.000000|0.000000,2715.306152|7.000000|1.000000|0.000000|0.000000,7,99979517952.000000,N/A,5
MOGP_GENERATIONAL,1081ab50-efc2-11f0-951e-6e001b3eef54,Toxicity,74,235,2466.395752|3.000000|0.000000|0.000000|0.000000,3.458341121673584,3.0,2797.416504|3.000000|0.000000|0.000000|0.000000,2201.373535|7.000000|2.000000|0.000000|0.000000,2625.912109|7.000000|2.000000|0.000000|0.000000,7,59722395648.000000,N/A,5
MOGP_GENERATIONAL,1199688e-efc2-11f0-82d9-6e001b3eef54,Toxicity,74,223,2466.395752|3.000000|0.000000|0.000000|0.000000,3.8417410850524902,3.0,2797.416504|3.000000|0.000000|0.000000|0.000000,2235.050781|7.000000|1.000000|0.000000|0.000000,2616.398193|7.000000|1.000000|0.000000|0.000000,7,75260985344.000000,N/A,5
MOGP_GENERATIONAL,1081ab50-efc2-11f0-951e-6e001b3eef54,Toxicity,74,236,2466.395752|3.000000|0.000000|0.000000|0.000000,3.6813039779663086,3.0,2797.416504|3.000000|0.000000|0.000000|0.000000,1994.239380|7.000000|0.000000|0.000000|0.000000,2172.452881|7.000000|0.000000|0.000000|0.000000,7,13174694912.000000,N/A,5
MOGP_GENERATIONAL,1199688e-efc2-11f0-82d9-6e001b3eef54,Toxicity,74,224,2466.395752|3.000000|0.000000|0.000000|0.000000,3.9519710540771484,3.0,2797.416504|3.000000|0.000000|0.000000|0.000000,2342.080811|7.000000|2.000000|0.000000|0.000000,2670.734131|7.000000|2.000000|0.000000|0.000000,7,52072337408.000000,N/A,5
MOGP_GENERATIONAL,1081ab50-efc2-11f0-951e-6e001b3eef54,Toxicity,74,237,2466.395752|3.000000|0.000000|0.000000|0.000000,3.7744228839874268,3.0,2797.416504|3.000000|0.000000|0.000000|0.000000,2204.655518|7.000000|2.000000|0.000000|0.000000,2634.438965|7.000000|2.000000|0.000000|0.000000,7,86575972352.000000,N/A,5
MOGP_GENERATIONAL,1199688e-efc2-11f0-82d9-6e001b3eef54,Toxicity,74,225,2466.395752|3.000000|0.000000|0.000000|0.000000,3.8554279804229736,3.0,2797.416504|3.000000|0.000000|0.000000|0.000000,2373.533447|7.000000|2.000000|0.000000|0.000000,2709.177490|7.000000|2.000000|0.000000|0.000000,7,68508479488.000000,N/A,5
MOGP_GENERATIONAL,1081ab50-efc2-11f0-951e-6e001b3eef54,Toxicity,74,238,2466.395752|3.000000|0.000000|0.000000|0.000000,4.267775058746338,3.0,2797.416504|3.000000|0.000000|0.000000|0.000000,2168.492432|7.000000|1.000000|0.000000|0.000000,2494.679443|7.000000|1.000000|0.000000|0.000000,7,73864822784.000000,N/A,5
MOGP_GENERATIONAL,1199688e-efc2-11f0-82d9-6e001b3eef54,Toxicity,74,226,2466.395752|3.000000|0.000000|0.000000|0.000000,3.9148380756378174,3.0,2797.416504|3.000000|0.000000|0.000000|0.000000,2163.463867|7.000000|1.000000|0.000000|0.000000,2488.462646|7.000000|1.000000|0.000000|0.000000,7,65035132928.000000,N/A,5
MOGP_GENERATIONAL,1081ab50-efc2-11f0-951e-6e001b3eef54,Toxicity,74,239,2466.395752|3.000000|0.000000|0.000000|0.000000,3.601907968521118,3.0,2797.416504|3.000000|0.000000|0.000000|0.000000,1994.239380|7.000000|0.000000|0.000000|0.000000,2172.452881|7.000000|0.000000|0.000000|0.000000,7,49937354752.000000,N/A,5
MOGP_GENERATIONAL,1199688e-efc2-11f0-82d9-6e001b3eef54,Toxicity,74,227,2466.395752|3.000000|0.000000|0.000000|0.000000,3.91412615776062,3.0,2797.416504|3.000000|0.000000|0.000000|0.000000,2131.023438|7.000000|0.000000|0.000000|0.000000,2439.344482|7.000000|0.000000|0.000000|0.000000,7,42729062400.000000,N/A,5
MOGP_GENERATIONAL,1081ab50-efc2-11f0-951e-6e001b3eef54,Toxicity,74,240,2466.395752|3.000000|0.000000|0.000000|0.000000,3.649513006210327,3.0,2797.416504|3.000000|0.000000|0.000000|0.000000,2023.537598|7.000000|1.000000|0.000000|0.000000,7579551.500000|7.000000|1.000000|0.000000|0.000000,7,69438513152.000000,N/A,5
MOGP_GENERATIONAL,1199688e-efc2-11f0-82d9-6e001b3eef54,Toxicity,74,228,2466.395752|3.000000|0.000000|0.000000|0.000000,3.771470785140991,3.0,2797.416504|3.000000|0.000000|0.000000|0.000000,2102.146484|7.000000|1.000000|0.000000|0.000000,2525.065430|7.000000|1.000000|0.000000|0.000000,7,44860735488.000000,N/A,5
MOGP_GENERATIONAL,1081ab50-efc2-11f0-951e-6e001b3eef54,Toxicity,74,241,2466.395752|3.000000|0.000000|0.000000|0.000000,3.6667141914367676,3.0,2797.416504|3.000000|0.000000|0.000000|0.000000,2250.161621|7.000000|2.000000|0.000000|0.000000,2582.337891|7.000000|2.000000|0.000000|0.000000,7,12371248128.000000,N/A,5
MOGP_GENERATIONAL,1081ab50-efc2-11f0-951e-6e001b3eef54,Toxicity,74,242,2466.395752|3.000000|0.000000|0.000000|0.000000,3.7143352031707764,3.0,2797.416504|3.000000|0.000000|0.000000|0.000000,2239.952881|7.000000|2.000000|0.000000|0.000000,2573.738770|7.000000|2.000000|0.000000|0.000000,7,85030576128.000000,N/A,5
MOGP_GENERATIONAL,1199688e-efc2-11f0-82d9-6e001b3eef54,Toxicity,74,229,2466.395752|3.000000|0.000000|0.000000|0.000000,3.8238041400909424,3.0,2797.416504|3.000000|0.000000|0.000000|0.000000,2230.646729|7.000000|2.000000|0.000000|0.000000,2662.452393|7.000000|2.000000|0.000000|0.000000,7,64191074304.000000,N/A,5
MOGP_GENERATIONAL,1081ab50-efc2-11f0-951e-6e001b3eef54,Toxicity,74,243,2466.395752|3.000000|0.000000|0.000000|0.000000,3.840925931930542,3.0,2797.416504|3.000000|0.000000|0.000000|0.000000,2197.857178|7.000000|2.000000|0.000000|0.000000,2642.130859|7.000000|2.000000|0.000000|0.000000,7,51587227648.000000,N/A,5
MOGP_GENERATIONAL,1199688e-efc2-11f0-82d9-6e001b3eef54,Toxicity,74,230,2466.395752|3.000000|0.000000|0.000000|0.000000,3.9812228679656982,3.0,2797.416504|3.000000|0.000000|0.000000|0.000000,1998.135498|7.000000|1.000000|0.000000|0.000000,2301.798584|7.000000|1.000000|0.000000|0.000000,7,49937416192.000000,N/A,5
MOGP_GENERATIONAL,1081ab50-efc2-11f0-951e-6e001b3eef54,Toxicity,74,244,2466.395752|3.000000|0.000000|0.000000|0.000000,3.6577539443969727,3.0,2797.416504|3.000000|0.000000|0.000000|0.000000,1982.045898|7.000000|0.000000|0.000000|0.000000,2254.447754|7.000000|0.000000|0.000000|0.000000,7,65751949312.000000,N/A,5
MOGP_GENERATIONAL,1199688e-efc2-11f0-82d9-6e001b3eef54,Toxicity,74,231,2466.395752|3.000000|0.000000|0.000000|0.000000,3.76528000831604,3.0,2797.416504|3.000000|0.000000|0.000000|0.000000,2266.356201|7.000000|1.000000|0.000000|0.000000,2594.966553|7.000000|1.000000|0.000000|0.000000,7,77388423168.000000,N/A,5
MOGP_GENERATIONAL,1081ab50-efc2-11f0-951e-6e001b3eef54,Toxicity,74,245,2466.395752|3.000000|0.000000|0.000000|0.000000,3.6793391704559326,3.0,2797.416504|3.000000|0.000000|0.000000|0.000000,2107.594482|7.000000|0.000000|2.000000|0.000000,2234.082275|7.000000|0.000000|2.000000|0.000000,7,80861052928.000000,N/A,5
MOGP_GENERATIONAL,1199688e-efc2-11f0-82d9-6e001b3eef54,Toxicity,74,232,2466.395752|3.000000|0.000000|0.000000|0.000000,3.7294280529022217,3.0,2797.416504|3.000000|0.000000|0.000000|0.000000,1970.038086|7.000000|0.000000|0.000000|0.000000,2235.746338|7.000000|0.000000|0.000000|0.000000,7,86537248768.000000,N/A,5
MOGP_GENERATIONAL,1081ab50-efc2-11f0-951e-6e001b3eef54,Toxicity,74,246,2466.395752|3.000000|0.000000|0.000000|0.000000,3.7315871715545654,3.0,2797.416504|3.000000|0.000000|0.000000|0.000000,2250.801758|7.000000|1.000000|0.000000|0.000000,2677.293213|7.000000|1.000000|0.000000|0.000000,7,72608358400.000000,N/A,5
MOGP_GENERATIONAL,1199688e-efc2-11f0-82d9-6e001b3eef54,Toxicity,74,233,2466.395752|3.000000|0.000000|0.000000|0.000000,3.8090879917144775,3.0,2797.416504|3.000000|0.000000|0.000000|0.000000,2209.994385|7.000000|2.000000|0.000000|0.000000,118275.343750|7.000000|2.000000|0.000000|0.000000,7,47610241024.000000,N/A,5
MOGP_GENERATIONAL,1081ab50-efc2-11f0-951e-6e001b3eef54,Toxicity,74,247,2466.395752|3.000000|0.000000|0.000000|0.000000,3.6870007514953613,3.0,2797.416504|3.000000|0.000000|0.000000|0.000000,2340.030273|7.000000|2.000000|0.000000|0.000000,2754.545410|7.000000|2.000000|0.000000|0.000000,7,87748337664.000000,N/A,5
MOGP_GENERATIONAL,1199688e-efc2-11f0-82d9-6e001b3eef54,Toxicity,74,234,2466.395752|3.000000|0.000000|0.000000|0.000000,3.875480890274048,3.0,2797.416504|3.000000|0.000000|0.000000|0.000000,2013.805298|7.000000|1.000000|0.000000|0.000000,2260.712158|7.000000|1.000000|0.000000|0.000000,7,68346396672.000000,N/A,5
MOGP_GENERATIONAL,1081ab50-efc2-11f0-951e-6e001b3eef54,Toxicity,74,248,2466.395752|3.000000|0.000000|0.000000|0.000000,3.6238789558410645,3.0,2797.416504|3.000000|0.000000|0.000000|0.000000,2222.704346|7.000000|1.000000|0.000000|0.000000,2554.091064|7.000000|1.000000|0.000000|0.000000,7,73678299136.000000,N/A,5
MOGP_GENERATIONAL,1199688e-efc2-11f0-82d9-6e001b3eef54,Toxicity,74,235,2466.395752|3.000000|0.000000|0.000000|0.000000,3.7928450107574463,3.0,2797.416504|3.000000|0.000000|0.000000|0.000000,2201.373535|7.000000|2.000000|0.000000|0.000000,2625.912109|7.000000|2.000000|0.000000|0.000000,7,59722395648.000000,N/A,5
MOGP_GENERATIONAL,1081ab50-efc2-11f0-951e-6e001b3eef54,Toxicity,74,249,2466.395752|3.000000|0.000000|0.000000|0.000000,4.217499017715454,3.0,2797.416504|3.000000|0.000000|0.000000|0.000000,2106.661133|7.000000|1.000000|0.000000|0.000000,2478.788086|7.000000|1.000000|0.000000|0.000000,7,74473144320.000000,N/A,5
MOGP_GENERATIONAL,1199688e-efc2-11f0-82d9-6e001b3eef54,Toxicity,74,236,2466.395752|3.000000|0.000000|0.000000|0.000000,4.596016883850098,3.0,2797.416504|3.000000|0.000000|0.000000|0.000000,1994.239380|7.000000|0.000000|0.000000|0.000000,2172.452881|7.000000|0.000000|0.000000|0.000000,7,13174694912.000000,N/A,5
MOGP_GENERATIONAL,1081ab50-efc2-11f0-951e-6e001b3eef54,Toxicity,74,250,2466.395752|3.000000|0.000000|0.000000|0.000000,3.666231870651245,3.0,2797.416504|3.000000|0.000000|0.000000|0.000000,2203.953857|7.000000|2.000000|0.000000|0.000000,2629.388428|7.000000|2.000000|0.000000|0.000000,7,60269244416.000000,N/A,5
MOGP_GENERATIONAL,1199688e-efc2-11f0-82d9-6e001b3eef54,Toxicity,74,237,2466.395752|3.000000|0.000000|0.000000|0.000000,4.046855926513672,3.0,2797.416504|3.000000|0.000000|0.000000|0.000000,2204.655518|7.000000|2.000000|0.000000|0.000000,2634.438965|7.000000|2.000000|0.000000|0.000000,7,86575972352.000000,N/A,5
MOGP_GENERATIONAL,1199688e-efc2-11f0-82d9-6e001b3eef54,Toxicity,74,238,2466.395752|3.000000|0.000000|0.000000|0.000000,4.011590242385864,3.0,2797.416504|3.000000|0.000000|0.000000|0.000000,2168.492432|7.000000|1.000000|0.000000|0.000000,2494.679443|7.000000|1.000000|0.000000|0.000000,7,73864822784.000000,N/A,5
MOGP_GENERATIONAL,1199688e-efc2-11f0-82d9-6e001b3eef54,Toxicity,74,239,2466.395752|3.000000|0.000000|0.000000|0.000000,3.8148789405822754,3.0,2797.416504|3.000000|0.000000|0.000000|0.000000,1994.239380|7.000000|0.000000|0.000000|0.000000,2172.452881|7.000000|0.000000|0.000000|0.000000,7,49937354752.000000,N/A,5
MOGP_GENERATIONAL,1199688e-efc2-11f0-82d9-6e001b3eef54,Toxicity,74,240,2466.395752|3.000000|0.000000|0.000000|0.000000,3.9642281532287598,3.0,2797.416504|3.000000|0.000000|0.000000|0.000000,2023.537598|7.000000|1.000000|0.000000|0.000000,7579551.500000|7.000000|1.000000|0.000000|0.000000,7,69438513152.000000,N/A,5
MOGP_GENERATIONAL,1199688e-efc2-11f0-82d9-6e001b3eef54,Toxicity,74,241,2466.395752|3.000000|0.000000|0.000000|0.000000,3.972226858139038,3.0,2797.416504|3.000000|0.000000|0.000000|0.000000,2250.161621|7.000000|2.000000|0.000000|0.000000,2582.337891|7.000000|2.000000|0.000000|0.000000,7,12371248128.000000,N/A,5
MOGP_GENERATIONAL,1199688e-efc2-11f0-82d9-6e001b3eef54,Toxicity,74,242,2466.395752|3.000000|0.000000|0.000000|0.000000,3.9917030334472656,3.0,2797.416504|3.000000|0.000000|0.000000|0.000000,2239.952881|7.000000|2.000000|0.000000|0.000000,2573.738770|7.000000|2.000000|0.000000|0.000000,7,85030576128.000000,N/A,5
MOGP_GENERATIONAL,1199688e-efc2-11f0-82d9-6e001b3eef54,Toxicity,74,243,2466.395752|3.000000|0.000000|0.000000|0.000000,4.039947032928467,3.0,2797.416504|3.000000|0.000000|0.000000|0.000000,2197.857178|7.000000|2.000000|0.000000|0.000000,2642.130859|7.000000|2.000000|0.000000|0.000000,7,51587227648.000000,N/A,5
MOGP_GENERATIONAL,1199688e-efc2-11f0-82d9-6e001b3eef54,Toxicity,74,244,2466.395752|3.000000|0.000000|0.000000|0.000000,3.941873073577881,3.0,2797.416504|3.000000|0.000000|0.000000|0.000000,1982.045898|7.000000|0.000000|0.000000|0.000000,2254.447754|7.000000|0.000000|0.000000|0.000000,7,65751949312.000000,N/A,5
MOGP_GENERATIONAL,1199688e-efc2-11f0-82d9-6e001b3eef54,Toxicity,74,245,2466.395752|3.000000|0.000000|0.000000|0.000000,3.8873789310455322,3.0,2797.416504|3.000000|0.000000|0.000000|0.000000,2107.594482|7.000000|0.000000|2.000000|0.000000,2234.082275|7.000000|0.000000|2.000000|0.000000,7,80861052928.000000,N/A,5
MOGP_GENERATIONAL,1199688e-efc2-11f0-82d9-6e001b3eef54,Toxicity,74,246,2466.395752|3.000000|0.000000|0.000000|0.000000,4.057042837142944,3.0,2797.416504|3.000000|0.000000|0.000000|0.000000,2250.801758|7.000000|1.000000|0.000000|0.000000,2677.293213|7.000000|1.000000|0.000000|0.000000,7,72608358400.000000,N/A,5
MOGP_GENERATIONAL,1199688e-efc2-11f0-82d9-6e001b3eef54,Toxicity,74,247,2466.395752|3.000000|0.000000|0.000000|0.000000,3.9589738845825195,3.0,2797.416504|3.000000|0.000000|0.000000|0.000000,2340.030273|7.000000|2.000000|0.000000|0.000000,2754.545410|7.000000|2.000000|0.000000|0.000000,7,87748337664.000000,N/A,5
MOGP_GENERATIONAL,1199688e-efc2-11f0-82d9-6e001b3eef54,Toxicity,74,248,2466.395752|3.000000|0.000000|0.000000|0.000000,3.9521420001983643,3.0,2797.416504|3.000000|0.000000|0.000000|0.000000,2222.704346|7.000000|1.000000|0.000000|0.000000,2554.091064|7.000000|1.000000|0.000000|0.000000,7,73678299136.000000,N/A,5
MOGP_GENERATIONAL,1199688e-efc2-11f0-82d9-6e001b3eef54,Toxicity,74,249,2466.395752|3.000000|0.000000|0.000000|0.000000,3.869180917739868,3.0,2797.416504|3.000000|0.000000|0.000000|0.000000,2106.661133|7.000000|1.000000|0.000000|0.000000,2478.788086|7.000000|1.000000|0.000000|0.000000,7,74473144320.000000,N/A,5
MOGP_GENERATIONAL,1199688e-efc2-11f0-82d9-6e001b3eef54,Toxicity,74,250,2466.395752|3.000000|0.000000|0.000000|0.000000,3.882772922515869,3.0,2797.416504|3.000000|0.000000|0.000000|0.000000,2203.953857|7.000000|2.000000|0.000000|0.000000,2629.388428|7.000000|2.000000|0.000000|0.000000,7,60269244416.000000,N/A,5
